TICKER;PRECO;DY;P/L;P/VP;P/ATIVOS;MARGEM BRUTA;MARGEM EBIT;MARG. LIQUIDA;P/EBIT;EV/EBIT;DIVIDA LIQUIDA / EBIT;DIV. LIQ. / PATRI.;PSR;P/CAP. GIRO;P. AT CIR. LIQ.;LIQ. CORRENTE;ROE;ROA;ROIC;PATRIMONIO / ATIVOS;PASSIVOS / ATIVOS;GIRO ATIVOS;CAGR RECEITAS 5 ANOS;CAGR LUCROS 5 ANOS; LIQUIDEZ MEDIA DIARIA; VPA; LPA
AALR3;11,43;0,76;-13,16;1,15;0,53;16,36;-1,64;-11,44;-92,04;-132,14;-40,11;0,50;1,51;-42,25;-0,69;0,95;-8,73;-4,02;-1,55;0,46;0,53;0,35;22,24;;4.913.089,38;9,95;-0,87
ABCB4;15,56;4,18;10,39;0,82;0,07;0,21;-5,66;5,33;-9,79;-9,79;;;0,55;1,18;-0,09;2,03;7,90;0,72;;0,09;0,91;0,13;5,50;8,66;11.809.006,71;18,96;1,50
ABEV3;15,86;2,61;28,71;3,20;1,96;54,66;24,83;15,61;18,05;16,88;-1,18;-0,21;4,48;28,28;-2,84;1,29;11,14;6,84;15,68;0,61;0,37;0,44;6,67;-0,28;506.535.310,29;4,96;0,55
ADHM3;1,89;;-4,95;-1,56;127,36;100,00;-13.548,48;-18.860,61;-6,89;-6,89;0,00;;933,98;-1,73;-140,74;0,00;-31,47;-2.571,90;22,61;-81,72;82,72;0,14;;;151.730,41;-1,21;-0,38
AERI3;7,54;;41,90;33,53;3,50;13,30;12,42;7,92;26,72;30,59;3,88;4,87;3,32;25,78;-9,89;1,27;80,04;8,36;15,40;0,10;0,90;1,05;;;17.520.207,32;0,22;0,18
AFLT3;9,85;7,34;28,08;3,33;2,95;64,57;59,24;59,01;27,98;26,36;-1,61;-0,19;16,57;13,71;-4,18;3,73;11,85;10,51;10,82;0,89;0,11;0,18;2,20;11,01;21.341,59;2,96;0,35
AGRO3;25,84;2,75;8,22;1,43;0,79;30,53;22,62;25,46;9,26;12,11;2,86;0,44;2,09;6,62;-1,14;1,61;17,40;9,55;9,57;0,55;0,45;0,37;13,49;-7,94;5.753.814,76;18,06;3,14
AHEB3;24,48;;-15,41;17,18;0,81;26,80;-6,37;-8,22;-19,88;-17,95;1,95;-1,69;1,27;-7,88;-0,95;0,58;-111,50;-5,27;-86,43;0,05;0,95;0,64;-10,10;;27.359,08;1,42;-1,59
AHEB5;23,65;;-14,89;16,60;0,79;26,80;-6,37;-8,22;-19,21;-17,95;1,95;-1,69;1,22;-7,61;-0,92;0,58;-111,50;-5,27;-86,43;0,05;0,95;0,64;-10,10;;3.341,00;1,42;-1,59
AHEB6;25,63;;-16,14;17,99;0,85;26,80;-6,37;-8,22;-20,82;-17,95;1,95;-1,69;1,33;-8,25;-0,99;0,58;-111,50;-5,27;-86,43;0,05;0,95;0,64;-10,10;;7.897,00;1,42;-1,59
ALPA3;38,00;0,13;109,05;7,75;3,67;55,07;10,09;6,58;71,15;73,46;-0,97;-0,11;7,18;14,62;-10,22;1,64;7,11;3,37;5,68;0,47;0,52;0,51;1,55;-1,97;122.231,88;4,90;0,35
ALPA4;41,60;0,13;119,38;8,49;4,02;55,07;10,09;6,58;77,89;73,46;-0,97;-0,11;7,86;16,00;-11,18;1,64;7,11;3,37;5,68;0,47;0,52;0,51;1,55;-1,97;125.683.001,76;4,90;0,35
ALPK3;9,25;;-11,11;2,58;0,52;29,41;3,23;-21,71;74,69;141,10;66,41;2,30;2,41;-4,29;-0,60;0,54;-23,24;-4,64;0,80;0,20;0,80;0,21;;;697.272,29;3,58;-0,83
ALSO3;29,54;;29,54;1,19;0,72;67,80;52,25;28,78;16,27;13,57;-2,70;-0,20;8,50;5,49;-0,86;5,26;4,04;2,45;5,60;0,61;0,29;0,09;18,45;-27,08;50.457.591,94;24,77;1,00
ALUP11;26,64;2,59;13,04;1,42;0,37;46,15;44,80;11,73;3,41;6,22;2,81;1,17;1,53;3,67;-0,47;2,10;10,88;2,87;9,91;0,26;0,60;0,25;25,59;16,91;22.465.419,12;18,77;2,04
ALUP3;9,00;2,56;13,21;1,44;0,38;46,15;44,80;11,73;3,46;6,22;2,81;1,17;1,55;3,72;-0,47;2,10;10,88;2,87;9,91;0,26;0,60;0,25;25,59;16,91;681.290,26;6,26;0,68
ALUP4;8,74;2,63;12,83;1,40;0,37;46,15;44,80;11,73;3,36;6,22;2,81;1,17;1,51;3,61;-0,46;2,10;10,88;2,87;9,91;0,26;0,60;0,25;25,59;16,91;141.163,62;6,26;0,68
AMAR3;7,08;;-6,09;1,81;0,62;39,75;-10,67;-13,41;-7,65;-11,77;-4,12;0,97;0,82;5,28;-1,22;1,31;-29,68;-10,11;-10,43;0,34;0,66;0,75;-2,93;;25.752.842,32;3,92;-1,16
AMBP3;26,50;;151,55;2,47;1,90;23,58;17,74;3,30;28,17;23,67;-4,50;-0,40;5,00;3,92;-4,45;6,57;1,63;1,26;6,31;0,77;0,21;0,38;;;11.546.407,47;10,71;0,17
ANDG3B;28,82;;59,95;2,23;1,88;47,12;179,06;45,82;15,34;8,60;0,93;0,13;27,47;-25,32;-1,93;0,26;3,71;3,14;12,68;0,85;0,15;0,07;10,22;-23,32;3.914.628,00;12,94;0,48
ANDG4B;0,00;;0,00;0,00;0,00;47,12;179,06;45,82;0,00;8,60;0,93;0,13;0,00;0,00;0,00;0,26;3,71;3,14;12,68;0,85;0,15;0,07;10,22;-23,32;;12,94;0,48
ANIM3;37,30;;-138,22;3,03;1,36;49,49;8,30;-2,66;44,27;49,03;4,76;0,33;3,68;5,79;-2,10;2,96;-2,19;-0,98;3,71;0,45;0,55;0,37;11,24;;36.683.663,35;12,31;-0,27
APER3;31,50;0,17;3.545,34;2,02;1,23;100,00;-0,30;0,10;-1.177,93;-1.007,74;170,19;-0,29;3,59;9,98;-1,67;1,86;0,06;0,03;-0,44;0,61;0,39;0,34;-16,64;-31,12;867.340,91;15,60;0,01
APTI3;197,64;;0,07;0,01;0,01;29,60;283,02;228,44;0,06;0,80;0,12;0,03;0,16;0,18;-0,01;1,32;17,82;10,76;17,28;0,60;0,40;0,05;-8,24;;;15.957,09;2.843,13
APTI4;3.500,00;;1,23;0,22;0,13;29,60;283,02;228,44;0,99;0,80;0,12;0,03;2,81;3,18;-0,16;1,32;17,82;10,76;17,28;0,60;0,40;0,05;-8,24;;;15.957,09;2.843,13
ARZZ3;68,44;0,78;225,85;9,78;3,81;46,48;5,19;2,14;92,97;92,71;-0,26;-0,03;4,82;12,97;-15,35;1,64;4,33;1,69;4,14;0,39;0,61;0,79;9,79;7,54;39.642.393,62;7,00;0,30
ATMP3;2,96;;-0,19;-0,92;0,04;-12,35;-26,96;-43,36;-0,30;-1,90;-1,59;;0,08;-0,15;-0,06;0,41;-485,09;-23,60;-75,21;-0,05;1,05;0,54;-21,09;;75.380,03;-3,22;-15,62
ATOM3;3,32;;5,68;4,21;2,65;100,00;36,63;42,69;6,62;5,26;-1,37;-0,87;2,43;2,78;-642,45;23,47;74,12;46,67;58,21;0,63;0,37;1,09;;;403.941,68;0,79;0,58
AURA33;56,52;;7,17;0,76;0,43;36,09;27,25;11,57;3,05;2,76;-0,29;-0,07;0,83;2,90;-0,69;1,66;10,58;6,03;17,21;0,57;0,43;0,52;;;9.503.103,85;74,45;7,88
AVLL3;27,90;;-2,02;3,24;0,30;-45,93;-167,05;-157,56;-1,90;-4,65;-2,74;4,67;3,18;5,11;-0,46;1,20;-160,67;-14,98;-27,79;0,09;0,90;0,10;;;523.888,67;8,60;-13,82
AZEV3;8,10;;-0,36;-0,17;0,71;1.622,59;3.562,68;5.901,50;-0,60;-0,77;-0,42;;;-0,22;-1,62;0,15;-46,24;-197,29;47,51;-4,27;5,27;-0,03;-64,98;;127.044,29;-48,76;-22,55
AZEV4;3,28;;-0,15;-0,07;0,29;1.622,59;3.562,68;5.901,50;-0,24;-0,77;-0,42;;;-0,09;-0,66;0,15;-46,24;-197,29;47,51;-4,27;5,27;-0,03;-64,98;;209.720,18;-48,76;-22,55
AZUL4;37,95;;-3,69;-3,45;3,43;-31,79;-48,57;-178,33;-13,55;-18,29;-4,75;;6,58;-6,60;-4,63;0,33;-93,39;-92,99;-85,25;-1,00;2,00;0,52;14,54;;497.170.139,97;-11,01;-10,29
B3SA3;60,10;3,21;32,67;4,95;2,73;96,89;62,80;47,79;24,86;23,30;-1,56;-0,31;15,61;16,37;-4,23;1,88;15,17;8,35;12,24;0,55;0,45;0,17;23,81;22,64;821.152.833,65;12,13;1,84
BAHI3;84,71;;-5,57;2,26;0,36;41,33;-8,01;-21,39;-14,89;-15,54;-0,65;0,10;1,19;-2,19;-0,41;0,41;-40,47;-6,54;-16,19;0,16;0,83;0,31;;;113.269,70;37,55;-15,20
BALM3;16,04;7,36;9,97;1,38;0,72;49,74;7,04;10,47;14,82;15,20;0,40;0,04;1,04;2,11;-2,17;2,02;13,81;7,18;4,54;0,52;0,45;0,69;5,12;-19,47;10.512,52;11,65;1,61
BALM4;16,00;7,38;9,95;1,37;0,71;49,74;7,04;10,47;14,78;15,20;0,40;0,04;1,04;2,11;-2,16;2,02;13,81;7,18;4,54;0,52;0,45;0,69;5,12;-19,47;19.900,83;11,65;1,61
BAUH4;86,97;0,99;32,43;5,52;3,33;24,92;8,50;7,49;28,54;26,45;-2,09;-0,40;2,43;20,07;-7,16;1,45;17,01;10,28;16,38;0,60;0,40;1,37;8,15;23,02;50.950,19;15,77;2,68
BAZA3;42,92;8,35;3,76;0,55;0,06;37,85;49,19;28,25;2,16;2,16;;;1,06;1,23;-0,06;;14,73;1,62;;0,11;0,89;0,06;6,35;8,48;83.651,41;77,52;11,42
BBAS3;39,10;3,78;7,01;1,00;0,06;18,87;5,98;12,69;14,86;14,86;;;0,89;-0,32;-0,13;0,74;14,27;0,87;;0,06;0,94;0,07;-2,23;7,20;680.117.152,53;39,12;5,58
BBDC3;24,55;1,08;14,96;1,58;0,15;27,80;-9,79;13,62;-20,82;-21,95;;;2,04;1,10;-0,18;9,36;10,59;1,03;;0,10;0,90;0,08;4,51;6,55;125.252.804,29;15,50;1,64
BBDC4;27,22;1,07;16,59;1,76;0,17;27,80;-9,79;13,62;-23,09;-21,95;;;2,26;1,22;-0,20;9,36;10,59;1,03;;0,10;0,90;0,08;4,51;6,55;1.283.512.238,06;15,50;1,64
BBML3;3.936,42;0,00;10.149,39;1.237,44;207,67;10,89;3,83;1,82;4.832,01;4.837,53;5,52;1,41;184,96;-34.095,13;-366,43;0,99;12,19;2,05;6,16;0,17;0,83;1,12;;;0,00;3,18;0,39
BBRK3;2,11;;-0,54;0,48;0,26;65,58;-116,71;-126,70;-0,59;-0,26;0,33;-0,27;0,68;35,72;-0,34;1,03;-89,33;-48,30;-81,61;0,54;0,44;0,38;-13,43;;1.677.509,47;4,38;-3,91
BBSE3;29,60;9,41;14,44;9,31;6,14;;;;11,91;11,91;;;;37,06;-9,30;1,95;64,48;42,51;;0,66;0,34;0,00;;14,01;146.411.187,35;3,18;2,05
BDLL3;27,51;;-0,27;-0,29;0,06;-60,25;-759,15;-662,22;-0,23;-1,43;-1,28;;1,76;-0,18;-0,10;0,51;-108,24;-24,25;-257,36;-0,22;1,22;0,04;-39,75;;2.751,00;-95,47;-103,34
BDLL4;11,34;;-0,11;-0,12;0,03;-60,25;-759,15;-662,22;-0,10;-1,43;-1,28;;0,73;-0,08;-0,04;0,51;-108,24;-24,25;-257,36;-0,22;1,22;0,04;-39,75;;50.821,41;-95,47;-103,34
BEEF11;4,65;;3,09;2,09;0,14;20,71;9,62;4,45;1,43;;2,64;3,87;0,14;0,42;-0,45;1,98;67,81;4,57;12,79;0,07;0,93;1,03;19,63;;848.731,56;2,22;1,51
BEEF3;10,37;2,49;6,88;4,67;0,31;20,71;9,62;4,45;3,18;;2,64;3,87;0,31;0,93;-1,00;1,98;67,81;4,57;12,79;0,07;0,93;1,03;19,63;;95.752.473,24;2,22;1,51
BEES3;5,23;4,27;7,59;1,01;0,05;55,13;17,24;13,02;5,73;5,94;;;0,99;-0,38;-0,12;0,83;13,27;0,61;;0,05;0,95;0,05;3,69;8,54;237.762,71;5,19;0,69
BEES4;5,93;3,77;8,61;1,14;0,05;55,13;17,24;13,02;6,50;5,94;;;1,12;-0,43;-0,13;0,83;13,27;0,61;;0,05;0,95;0,05;3,69;8,54;25.275,65;5,19;0,69
BFRE11;0,00;;0,00;0,00;0,00;;;;0,00;;-20,36;-0,39;;0,00;0,00;12,81;5,13;4,90;-0,72;0,95;0,05;0,00;;;;258.885,63;13.288,70
BFRE12;0,00;;0,00;0,00;0,00;;;;0,00;;-20,36;-0,39;;0,00;0,00;12,81;5,13;4,90;-0,72;0,95;0,05;0,00;;;;258.885,63;13.288,70
BGIP3;43,34;1,64;9,77;1,33;0,10;59,31;15,09;10,31;6,67;5,29;;;1,01;-1,56;-0,24;0,90;13,62;1,02;;0,07;0,93;0,10;5,66;64,33;8.733,00;32,57;4,43
BGIP4;25,35;3,09;5,72;0,78;0,06;59,31;15,09;10,31;3,90;5,29;;;0,59;-0,91;-0,14;0,90;13,62;1,02;;0,07;0,93;0,10;5,66;64,33;76.849,32;32,57;4,43
BIDI11;95,67;0,24;18.384,72;7,50;1,48;55,08;-7,06;0,15;-385,60;-385,60;;;27,23;8,93;-5,01;1,31;0,04;0,01;;0,20;0,80;0,05;;;76.398.526,38;12,76;0,01
BIDI3;32,67;0,23;18.834,39;7,68;1,52;55,08;-7,06;0,15;-395,03;-385,60;;;27,90;9,14;-5,14;1,31;0,04;0,01;;0,20;0,80;0,05;;;8.939.344,65;4,25;0,00
BIDI4;31,64;0,24;18.240,59;7,44;1,47;55,08;-7,06;0,15;-382,58;-385,60;;;27,02;8,86;-4,98;1,31;0,04;0,01;;0,20;0,80;0,05;;;52.058.380,18;4,25;0,00
BIOM3;17,07;;-19,82;10,64;3,32;26,49;-110,93;-132,84;-23,73;-26,36;-2,63;1,18;26,32;23,51;-4,89;1,78;-53,70;-16,75;-16,51;0,31;0,69;0,13;;;632.687,18;1,60;-0,86
BKBR3;11,32;0,45;-10,13;2,15;0,89;60,07;-11,87;-13,57;-11,58;-13,32;-1,73;0,32;1,37;-137,46;-1,14;0,97;-21,25;-8,82;-12,16;0,41;0,59;0,65;433,99;;27.568.528,59;5,26;-1,12
BMEB3;16,40;3,80;6,39;0,88;0,09;74,67;2,85;5,99;13,42;13,42;;;0,38;0,31;-0,18;2,06;13,72;1,33;;0,10;0,90;0,22;-5,92;;22.296,65;18,70;2,57
BMEB4;16,40;4,18;6,39;0,88;0,09;74,67;2,85;5,99;13,42;13,42;;;0,38;0,31;-0,18;2,06;13,72;1,33;;0,10;0,90;0,22;-5,92;;165.801,97;18,70;2,57
BMGB4;5,83;;8,72;0,84;0,14;72,00;3,27;10,15;27,08;27,08;;;0,89;;-0,14;;9,68;1,59;;0,16;0,84;0,16;;;9.171.259,41;6,91;0,67
BMIN3;20,00;7,00;57,86;0,78;0,47;79,31;18,81;14,01;43,08;42,86;;;8,10;9,81;-0,64;1,22;1,35;0,81;;0,60;0,40;0,06;5,44;-8,61;18.187,20;25,67;0,35
BMIN4;19,30;7,25;55,83;0,75;0,45;79,31;18,81;14,01;41,57;42,86;;;7,82;9,47;-0,61;1,22;1,35;0,81;;0,60;0,40;0,06;5,44;-8,61;10.095,06;25,67;0,35
BMKS3;238,98;2,55;26,53;0,59;0,53;28,71;3,39;19,72;154,37;-48,77;-203,14;-0,78;5,23;0,68;-2,68;30,55;2,23;1,98;-0,74;0,89;0,11;0,10;-13,82;-25,48;38.088,15;404,66;9,01
BNBR3;74,75;3,60;5,04;1,04;0,11;45,90;43,10;30,30;3,55;3,55;;;1,53;-6,32;-0,15;0,94;20,62;2,22;;0,11;0,89;0,07;4,71;18,37;37.631,71;71,89;14,83
BOAS3;13,25;;356,32;19,09;7,11;42,69;9,91;2,79;100,40;103,86;3,46;0,66;9,95;-43,76;-9,93;0,64;5,36;2,00;5,46;0,37;0,63;0,72;;;25.057.282,82;0,69;0,04
BOBR3;0,00;;0,00;0,00;0,00;35,04;12,14;3,57;0,00;3,53;1,62;;0,00;0,00;0,00;0,58;-15,94;5,78;-913,16;-0,36;1,36;1,62;-1,67;;;-0,93;0,15
BOBR4;2,04;;13,82;-2,20;0,80;35,04;12,14;3,57;4,06;3,53;1,62;;0,49;-2,79;-1,33;0,58;-15,94;5,78;-913,16;-0,36;1,36;1,62;-1,67;;251.457,26;-0,93;0,15
BPAC11;90,07;1,34;28,55;3,13;0,30;-7,18;10,12;21,90;61,75;61,75;;;6,25;5,16;-1,03;1,09;10,98;1,05;;0,10;0,90;0,05;-0,86;14,56;297.757.399,32;28,75;3,16
BPAC3;45,76;0,88;43,51;4,78;0,46;-7,18;10,12;21,90;94,12;61,75;;;9,53;7,86;-1,57;1,09;10,98;1,05;;0,10;0,90;0,05;-0,86;14,56;401.732,65;9,58;1,05
BPAC5;22,20;1,82;21,11;2,32;0,22;-7,18;10,12;21,90;45,66;61,75;;;4,62;3,81;-0,76;1,09;10,98;1,05;;0,10;0,90;0,05;-0,86;14,56;250.962,44;9,58;1,05
BPAN4;9,95;1,68;15,82;2,30;0,34;63,28;8,08;8,55;16,74;16,74;;;1,35;-1,84;-0,60;0,70;14,52;2,14;;0,15;0,85;0,25;8,37;49,77;23.061.585,29;4,33;0,63
BPAR3;182,07;9,28;6,37;1,17;0,15;81,27;32,82;17,19;3,34;3,34;;;1,10;0,75;-0,19;;18,33;2,39;;0,13;0,87;0,14;8,00;16,96;;155,85;28,57
BPAT33;44,05;;6,98;0,66;0,09;51,56;21,77;5,61;1,80;1,80;;;0,39;;-0,12;;9,46;1,35;;0,14;0,86;0,24;14,99;-24,79;32.961,60;66,71;6,31
BPHA3;0,62;;0,06;-0,24;0,99;98,02;1.029,99;13.896,67;0,80;1,66;0,85;;8,28;-0,38;-1,18;0,06;-402,50;1.669,02;-36,75;-4,15;5,15;0,12;-68,85;;;-2,58;10,40
BRAP3;58,43;4,36;27,00;1,69;1,64;;;;25,12;26,46;-0,91;-0,06;;32,98;-1,78;2,76;6,27;6,09;6,11;0,97;0,03;0,00;;;2.521.752,18;34,51;2,16
BRAP4;66,53;4,21;30,74;1,93;1,87;;;;28,60;26,46;-0,91;-0,06;;37,55;-2,03;2,76;6,27;6,09;6,11;0,97;0,03;0,00;;;230.001.785,03;34,51;2,16
BRDT3;22,96;2,18;31,36;2,78;0,96;5,67;1,66;1,05;19,86;23,43;3,57;0,50;0,33;3,59;-1,88;2,21;8,87;3,07;4,86;0,35;0,65;2,93;-0,73;14,51;200.893.144,88;8,25;0,73
BRFS3;22,07;;15,50;2,53;0,35;24,00;7,20;3,10;6,68;12,01;5,33;2,02;0,48;3,08;-0,66;1,32;16,32;2,26;7,25;0,14;0,86;0,73;2,89;-33,13;227.901.042,97;8,72;1,42
BRGE11;12,01;2,94;17,99;0,72;0,29;-238,98;132,93;165,05;22,34;-0,22;-30,24;-0,97;29,69;0,95;-0,56;2,81;3,98;1,62;1,31;0,41;0,39;0,01;3,11;2,66;6.087,50;16,79;0,67
BRGE12;6,15;;9,21;0,37;0,15;-238,98;132,93;165,05;11,44;-0,22;-30,24;-0,97;15,21;0,49;-0,29;2,81;3,98;1,62;1,31;0,41;0,39;0,01;3,11;2,66;12.863,71;16,79;0,67
BRGE3;10,90;;16,33;0,65;0,27;-238,98;132,93;165,05;20,27;-0,22;-30,24;-0,97;26,95;0,86;-0,51;2,81;3,98;1,62;1,31;0,41;0,39;0,01;3,11;2,66;9.466,22;16,79;0,67
BRGE5;12,20;2,41;18,28;0,73;0,30;-238,98;132,93;165,05;22,69;-0,22;-30,24;-0,97;30,16;0,97;-0,57;2,81;3,98;1,62;1,31;0,41;0,39;0,01;3,11;2,66;3.510,80;16,79;0,67
BRGE6;22,50;3,14;33,70;1,34;0,55;-238,98;132,93;165,05;41,85;-0,22;-30,24;-0,97;55,63;1,78;-1,05;2,81;3,98;1,62;1,31;0,41;0,39;0,01;3,11;2,66;18.634,00;16,79;0,67
BRGE7;5,40;7,62;8,09;0,32;0,13;-238,98;132,93;165,05;10,04;-0,22;-30,24;-0,97;13,35;0,43;-0,25;2,81;3,98;1,62;1,31;0,41;0,39;0,01;3,11;2,66;;16,79;0,67
BRGE8;8,00;3,68;11,98;0,48;0,19;-238,98;132,93;165,05;14,88;-0,22;-30,24;-0,97;19,78;0,63;-0,37;2,81;3,98;1,62;1,31;0,41;0,39;0,01;3,11;2,66;6.879,50;16,79;0,67
BRIV3;8,70;;10,12;0,50;0,04;25,64;10,16;7,66;7,63;7,70;;;0,78;0,21;-0,06;113,52;4,98;0,44;;0,09;0,91;0,06;-6,24;0,83;17.420,15;17,25;0,86
BRIV4;8,90;7,66;10,35;0,52;0,05;25,64;10,16;7,66;7,81;7,70;;;0,79;0,22;-0,06;113,52;4,98;0,44;;0,09;0,91;0,06;-6,24;0,83;18.030,39;17,25;0,86
BRKM3;24,23;;-1,77;-4,33;0,22;14,82;-9,11;-20,77;-4,04;-10,29;-6,28;;0,37;1,94;-0,35;1,48;-244,01;-12,65;-24,84;-0,05;1,07;0,61;3,00;;483.889,76;-5,60;-13,67
BRKM5;23,74;;-1,74;-4,24;0,22;14,82;-9,11;-20,77;-3,96;-10,29;-6,28;;0,36;1,90;-0,34;1,48;-244,01;-12,65;-24,84;-0,05;1,07;0,61;3,00;;108.330.423,32;-5,60;-13,67
BRKM6;21,90;;-1,60;-3,91;0,20;14,82;-9,11;-20,77;-3,66;-10,29;-6,28;;0,33;1,76;-0,32;1,48;-244,01;-12,65;-24,84;-0,05;1,07;0,61;3,00;;59.702,00;-5,60;-13,67
BRML3;10,39;;-105,85;0,86;0,49;87,83;20,54;-8,61;44,37;56,46;12,08;0,23;9,11;10,57;-0,53;3,00;-0,81;-0,46;1,33;0,57;0,40;0,05;-1,04;18,24;168.761.510,94;12,08;-0,10
BRPR3;10,44;0,83;11,48;0,72;0,49;100,00;231,89;140,79;6,97;7,52;0,55;0,06;16,16;3,00;-0,61;6,32;6,23;4,26;5,71;0,68;0,32;0,03;-14,64;3,09;28.206.482,41;14,59;0,91
BRQB3;0,00;;0,00;0,00;0,00;31,86;13,57;8,57;0,00;-0,99;-0,99;-0,54;0,00;0,00;0,00;2,26;34,57;14,43;22,51;0,42;0,58;1,68;-0,37;100,11;;0,92;0,32
BRSR3;15,65;3,38;7,83;0,77;0,07;56,79;9,53;10,63;8,73;8,25;;;0,83;1,68;-0,08;2,20;9,79;0,91;;0,09;0,91;0,09;1,64;15,38;186.513,06;20,42;2,00
BRSR5;16,91;3,24;8,46;0,83;0,08;56,79;9,53;10,63;9,44;8,25;;;0,90;1,81;-0,08;2,20;9,79;0,91;;0,09;0,91;0,09;1,64;15,38;3.336,00;20,42;2,00
BRSR6;13,91;3,81;6,96;0,68;0,06;56,79;9,53;10,63;7,76;8,25;;;0,74;1,49;-0,07;2,20;9,79;0,91;;0,09;0,91;0,09;1,64;15,38;28.338.398,85;20,42;2,00
BSEV3;5,06;;-5,52;-5,10;0,38;18,97;13,15;-10,49;4,40;9,60;5,20;;0,58;-0,80;-0,65;0,46;-92,38;-6,96;14,18;-0,08;1,07;0,66;7,69;;489.484,06;-0,99;-0,92
BSLI3;156,42;2,55;11,84;2,91;0,27;77,15;21,62;15,24;8,35;7,68;;;1,80;-1,49;-0,31;0,47;24,58;2,24;;0,09;0,91;0,15;5,10;12,95;73.453,13;53,74;13,21
BSLI4;101,93;4,31;7,72;1,90;0,17;77,15;21,62;15,24;5,44;7,68;;;1,18;-0,97;-0,20;0,47;24,58;2,24;;0,09;0,91;0,15;5,10;12,95;9.900,00;53,74;13,21
BTOW3;78,66;;-251,14;4,62;2,31;29,11;2,11;-1,92;228,91;213,57;-15,33;-0,31;4,83;5,95;-6,57;2,49;-1,84;-0,92;0,94;0,50;0,50;0,48;-3,20;;441.731.727,03;17,04;-0,31
BTTL3;11,50;;16,18;8,95;1,05;19,02;5,50;2,65;7,79;8,94;1,15;1,32;0,43;19,14;-1,96;1,14;55,29;6,52;27,57;0,12;0,88;2,46;-11,43;;42.936,29;1,29;0,71
BTTL4;11.091,73;;15.604,41;8.628,01;1.017,15;19,02;5,50;2,65;7.511,37;8,94;1,15;1,32;412,99;18.464,14;-1.888,71;1,14;55,29;6,52;27,57;0,12;0,88;2,46;-11,43;;0,00;1,29;0,71
CALI3;98,18;;-4,38;46,60;0,30;-1,51;-51,81;-51,46;-4,36;-4,65;-1,71;18,29;2,26;0,70;-0,68;4,44;-1.062,76;-6,84;-24,85;0,01;0,99;0,13;-38,15;;;2,11;-22,39
CALI4;50,21;;-2,24;23,83;0,15;-1,51;-51,81;-51,46;-2,23;-4,65;-1,71;18,29;1,15;0,36;-0,35;4,44;-1.062,76;-6,84;-24,85;0,01;0,99;0,13;-38,15;;25.105,00;2,11;-22,39
CAMB3;5,88;;9,89;2,70;0,92;45,37;12,46;16,54;13,12;16,06;2,93;0,60;1,64;-15,41;-1,36;0,85;27,29;9,28;11,68;0,34;0,66;0,56;-4,98;7,64;692.475,94;2,18;0,59
CAMB4;6,25;;10,51;2,87;0,98;45,37;12,46;16,54;13,95;16,06;2,93;0,60;1,74;-16,38;-1,45;0,85;27,29;9,28;11,68;0,34;0,66;0,56;-4,98;7,64;453.862,40;2,18;0,59
CAML3;11,57;4,58;12,08;1,90;0,89;23,37;7,51;5,62;9,03;11,41;2,37;0,50;0,68;2,94;-2,03;2,17;15,75;7,37;10,73;0,47;0,53;1,31;7,98;17,95;26.784.231,00;6,08;0,96
CARD3;15,14;2,01;14,92;2,24;1,21;28,77;14,84;9,37;9,42;9,83;0,41;0,10;1,40;29,21;-1,79;1,15;15,01;8,09;12,59;0,54;0,46;0,86;1,77;18,99;3.187.813,00;6,76;1,01
CASH3;15,30;;98,17;47,98;29,08;26,36;26,36;19,77;73,62;72,82;-0,80;-0,52;19,40;58,60;-122,72;2,86;48,87;29,62;35,98;0,61;0,36;1,50;;;10.640.970,88;0,32;0,16
CASN3;14,34;0,29;85,13;8,05;2,81;53,10;27,60;11,01;33,96;31,09;4,20;1,00;9,37;-757,67;-3,29;0,98;9,46;3,30;8,82;0,35;0,65;0,30;8,58;9,88;1.520,00;1,78;0,17
CASN4;8,37;0,54;49,69;4,70;1,64;53,10;27,60;11,01;19,82;31,09;4,20;1,00;5,47;-442,24;-1,92;0,98;9,46;3,30;8,82;0,35;0,65;0,30;8,58;9,88;1.100,00;1,78;0,17
CATA3;103,61;;0,89;0,12;0,06;13,06;-3,67;12,63;-3,06;-9,95;-6,92;0,27;0,11;0,30;-0,11;2,01;13,31;7,27;-3,04;0,55;0,46;0,58;-1,79;-8,60;317.552,60;876,70;116,70
CATA4;0,00;;0,00;0,00;0,00;13,06;-3,67;12,63;0,00;-9,95;-6,92;0,27;0,00;0,00;0,00;2,01;13,31;7,27;-3,04;0,55;0,46;0,58;-1,79;-8,60;;876,70;116,70
CBEE3;17,40;2,29;26,52;0,80;0,25;13,85;8,53;1,81;5,63;13,56;7,93;1,13;0,48;-148,22;-0,35;0,99;3,03;0,92;5,38;0,31;0,69;0,51;5,20;7,47;7.573,45;21,69;0,66
CCPR3;14,08;6,62;26,20;1.200,21;425,88;65,30;56,23;16,69;7,77;7,78;0,00;0,49;4,37;3.895,54;-498,62;3,99;4.581,70;1.625,77;5.296,81;0,35;0,39;97,43;4,28;-8,25;10.165.402,35;0,01;0,54
CCRO3;13,30;3,62;40,80;3,36;0,76;35,83;25,41;6,59;10,58;16,07;5,50;1,74;2,69;32,37;-1,01;1,10;8,23;1,86;6,27;0,23;0,77;0,28;7,44;1,11;170.423.385,26;3,96;0,33
CCXC3;1,16;;-0,46;-0,04;0,20;;;;-0,74;-0,72;0,02;;;-0,04;;0,16;-8,10;-43,41;4,96;-5,36;6,37;0,00;;;45.760,33;-31,35;-2,54
CEAB3;13,30;1,91;-12,80;1,61;0,60;47,62;-1,02;-7,89;-99,18;-136,91;-37,73;0,61;1,01;3,24;-1,11;1,69;-12,56;-4,73;-2,83;0,38;0,62;0,60;;;21.067.189,97;8,27;-1,04
CEBR3;125,00;1,33;21,25;2,12;0,49;12,64;6,12;3,13;10,85;11,55;-0,30;-0,06;0,66;2,55;-3,27;1,29;9,99;2,30;8,65;0,23;0,71;0,74;6,64;;230.004,12;58,88;5,88
CEBR5;158,89;2,47;27,01;2,70;0,62;12,64;6,12;3,13;13,79;11,55;-0,30;-0,06;0,84;3,24;-4,16;1,29;9,99;2,30;8,65;0,23;0,71;0,74;6,64;;137.616,24;58,88;5,88
CEBR6;148,00;1,24;25,16;2,51;0,58;12,64;6,12;3,13;12,85;11,55;-0,30;-0,06;0,79;3,02;-3,87;1,29;9,99;2,30;8,65;0,23;0,71;0,74;6,64;;407.480,53;58,88;5,88
CEDO3;13,00;;-2,22;1,03;0,19;15,82;-2,18;-9,98;-10,17;-23,72;-16,06;1,62;0,22;-2,56;-0,31;0,84;-46,11;-8,71;-3,52;0,19;0,78;0,87;3,73;;119.063,56;12,68;-5,85
CEDO4;5,54;;-0,95;0,44;0,08;15,82;-2,18;-9,98;-4,33;-23,72;-16,06;1,62;0,09;-1,09;-0,13;0,84;-46,11;-8,71;-3,52;0,19;0,78;0,87;3,73;;154.672,38;12,68;-5,85
CEEB3;43,00;1,16;11,00;1,88;0,54;22,95;15,51;10,05;7,13;13,10;4,74;1,25;1,11;21,67;-0,68;1,14;17,11;4,89;9,66;0,29;0,71;0,49;12,72;16,24;47.429,50;22,85;3,91
CEEB5;43,00;1,16;11,00;1,88;0,54;22,95;15,51;10,05;7,13;13,10;4,74;1,25;1,11;21,67;-0,68;1,14;17,11;4,89;9,66;0,29;0,71;0,49;12,72;16,24;38.555,60;22,85;3,91
CEEB6;60,68;0,90;15,52;2,66;0,76;22,95;15,51;10,05;10,06;13,10;4,74;1,25;1,56;30,58;-0,96;1,14;17,11;4,89;9,66;0,29;0,71;0,49;12,72;16,24;13.434.802,08;22,85;3,91
CEED3;53,00;;-0,34;-0,10;0,13;-1,01;-16,70;-44,49;-0,90;-2,53;-1,63;;0,15;-0,12;-0,17;0,17;-28,67;-39,36;13,70;-1,37;2,37;0,88;3,53;;128.075,78;-548,09;-157,15
CEED4;70,00;;-0,45;-0,13;0,18;-1,01;-16,70;-44,49;-1,19;-2,53;-1,63;;0,20;-0,15;-0,23;0,17;-28,67;-39,36;13,70;-1,37;2,37;0,88;3,53;;36.841,33;-548,09;-157,15
CEGR3;59,73;0,16;39,44;13,14;4,44;29,25;18,21;10,97;23,75;24,93;1,18;0,66;4,33;-73,74;-5,94;0,81;33,31;11,25;19,93;0,34;0,66;1,03;5,62;3,05;18.839,86;4,55;1,51
CEPE3;0,00;;0,00;0,00;0,00;16,65;8,14;3,37;0,00;9,27;8,85;2,65;0,00;0,00;0,00;1,04;12,39;2,19;6,03;0,18;0,82;0,65;9,02;6,60;;22,64;2,80
CEPE5;25,00;6,54;8,92;1,10;0,20;16,65;8,14;3,37;3,69;9,27;8,85;2,65;0,30;15,42;-0,29;1,04;12,39;2,19;6,03;0,18;0,82;0,65;9,02;6,60;38.348,41;22,64;2,80
CEPE6;33,89;5,30;12,09;1,50;0,26;16,65;8,14;3,37;5,01;9,27;8,85;2,65;0,41;20,90;-0,39;1,04;12,39;2,19;6,03;0,18;0,82;0,65;9,02;6,60;13.453,00;22,64;2,80
CESP3;29,58;6,25;6,61;1,36;0,76;40,93;56,72;79,28;9,23;10,10;0,86;0,13;5,24;19,03;-0,84;1,69;20,57;11,49;1,55;0,56;0,44;0,14;-20,20;15,73;271.265,91;21,77;4,48
CESP5;45,00;4,11;10,05;2,07;1,15;40,93;56,72;79,28;14,05;10,10;0,86;0,13;7,97;28,95;-1,28;1,69;20,57;11,49;1,55;0,56;0,44;0,14;-20,20;15,73;65.675,87;21,77;4,48
CESP6;29,65;6,24;6,62;1,36;0,76;40,93;56,72;79,28;9,26;10,10;0,86;0,13;5,25;19,08;-0,84;1,69;20,57;11,49;1,55;0,56;0,44;0,14;-20,20;15,73;54.292.280,50;21,77;4,48
CGAS3;168,50;4,98;18,66;18,42;1,93;34,16;23,24;14,13;11,34;;2,42;3,92;2,64;14,81;-3,59;1,39;98,74;10,33;16,55;0,10;0,90;0,73;8,30;17,45;116.834,28;9,15;9,03
CGAS5;170,01;5,43;18,82;18,59;1,94;34,16;23,24;14,13;11,45;;2,42;3,92;2,66;14,94;-3,62;1,39;98,74;10,33;16,55;0,10;0,90;0,73;8,30;17,45;1.311.170,68;9,15;9,03
CGRA3;35,20;4,98;5,21;1,13;0,86;53,96;24,81;31,06;6,52;5,53;-0,94;-0,16;1,62;3,39;-1,43;2,82;21,75;16,61;13,56;0,76;0,24;0,53;3,42;16,83;45.821,33;31,09;6,76
CGRA4;34,77;5,04;5,14;1,12;0,85;53,96;24,81;31,06;6,44;5,53;-0,94;-0,16;1,60;3,35;-1,41;2,82;21,75;16,61;13,56;0,76;0,24;0,53;3,42;16,83;348.330,21;31,09;6,76
CIEL3;3,75;0,80;15,73;1,11;0,13;30,67;8,88;6,05;10,72;14,32;3,60;0,37;0,95;1,60;-0,78;1,11;7,07;0,82;2,85;0,12;0,88;0,14;7,99;-11,13;142.063.607,12;3,37;0,24
CLSC3;56,00;3,12;6,17;1,28;0,21;12,66;6,42;4,27;4,10;5,24;1,30;0,41;0,26;6,46;-0,32;1,10;20,70;3,36;10,21;0,16;0,84;0,79;4,99;-11,18;11.424,67;43,87;9,08
CLSC4;52,30;3,68;5,76;1,19;0,19;12,66;6,42;4,27;3,83;5,24;1,30;0,41;0,25;6,03;-0,30;1,10;20,70;3,36;10,21;0,16;0,84;0,79;4,99;-11,18;351.941,06;43,87;9,08
CMIG3;16,10;3,75;12,05;1,41;0,46;23,11;16,08;8,20;6,14;8,36;2,76;0,64;0,99;3,84;-0,65;1,70;11,73;3,81;10,48;0,32;0,68;0,46;5,38;-0,06;11.510.833,79;11,39;1,34
CMIG4;13,96;4,32;10,45;1,23;0,40;23,11;16,08;8,20;5,33;8,36;2,76;0,64;0,86;3,33;-0,56;1,70;11,73;3,81;10,48;0,32;0,68;0,46;5,38;-0,06;133.177.176,65;11,39;1,34
CMSA3;0,00;;0,00;0,00;0,00;;;;0,00;0,38;0,38;-0,89;;0,00;0,00;141,75;-233,87;-232,40;-237,47;0,99;0,01;0,00;;;;0,00;0,00
CMSA4;0,00;;0,00;0,00;0,00;;;;0,00;0,38;0,38;-0,89;;0,00;0,00;141,75;-233,87;-232,40;-237,47;0,99;0,01;0,00;;;;0,00;0,00
CNSY3;30,22;;-27,81;135,13;5,22;-7,98;-37,91;-48,05;-35,24;-39,58;-4,34;16,62;13,36;-20,45;-5,51;0,17;-485,95;-18,76;-22,50;0,04;0,96;0,39;19,24;;0,00;0,22;-1,09
CNTO3;29,95;;195,95;3,77;1,41;45,63;5,49;1,71;60,93;63,56;2,63;0,16;3,35;4,92;-2,75;2,42;1,92;0,72;2,88;0,37;0,63;0,42;;;50.279.771,76;7,94;0,15
COCE3;72,00;2,95;15,47;1,76;0,57;14,35;9,04;6,37;10,90;12,93;4,45;0,72;0,99;-151,34;-0,82;0,99;11,37;3,67;7,14;0,32;0,68;0,58;8,25;9,99;23.092,93;40,94;4,65
COCE5;57,87;3,67;12,44;1,41;0,46;14,35;9,04;6,37;8,76;12,93;4,45;0,72;0,79;-121,64;-0,66;0,99;11,37;3,67;7,14;0,32;0,68;0,58;8,25;9,99;770.687,21;40,94;4,65
COCE6;30,22;7,03;6,49;0,74;0,24;14,35;9,04;6,37;4,57;12,93;4,45;0,72;0,41;-63,52;-0,35;0,99;11,37;3,67;7,14;0,32;0,68;0,58;8,25;9,99;;40,94;4,65
COGN3;4,78;;-4,59;0,52;0,25;59,44;-15,18;-31,59;-9,55;-17,17;-7,61;0,42;1,45;2,21;-0,32;1,94;-11,37;-5,42;-3,65;0,48;0,49;0,17;13,24;-24,68;345.117.360,12;9,16;-1,04
CORR3;2,71;;0,01;0,01;0,00;74,74;56,37;53,90;0,01;-0,09;-0,21;-0,35;0,00;0,00;-0,02;13,09;164,96;40,75;159,34;0,25;0,75;0,76;-33,38;;46.074,96;240,27;396,36
CORR4;69,00;;0,17;0,29;0,07;74,74;56,37;53,90;0,17;-0,09;-0,21;-0,35;0,09;0,09;-0,41;13,09;164,96;40,75;159,34;0,25;0,75;0,76;-33,38;;10.850,00;240,27;396,36
CPFE3;32,38;5,56;10,60;2,57;0,74;22,58;16,55;11,87;7,60;10,06;2,46;0,83;1,26;12,68;-1,07;1,23;24,22;6,95;11,08;0,29;0,71;0,59;11,46;25,40;80.566.054,21;12,61;3,06
CPLE3;68,79;3,26;4,86;0,94;0,42;29,92;22,48;18,04;3,90;5,37;1,39;0,33;0,88;6,55;-0,54;1,40;19,32;8,60;10,59;0,45;0,55;0,48;3,14;9,08;11.647.839,00;73,29;14,16
CPLE5;60,52;10,47;4,27;0,83;0,37;29,92;22,48;18,04;3,43;5,37;1,39;0,33;0,77;5,77;-0,47;1,40;19,32;8,60;10,59;0,45;0,55;0,48;3,14;9,08;6.052,00;73,29;14,16
CPLE6;71,73;3,44;5,07;0,98;0,44;29,92;22,48;18,04;4,07;5,37;1,39;0,33;0,91;6,83;-0,56;1,40;19,32;8,60;10,59;0,45;0,55;0,48;3,14;9,08;92.677.337,76;73,29;14,16
CPRE3;18,23;;19,05;1,89;0,86;49,98;35,17;28,88;15,64;17,64;2,00;0,24;5,50;-91,82;-0,99;0,94;9,91;4,50;5,66;0,45;0,54;0,16;9,10;;5.456,00;9,66;0,96
CRDE3;27,20;;-20,54;0,55;0,49;80,97;3,49;-48,06;282,76;206,03;-76,73;-0,15;9,87;3,05;-0,62;4,89;-2,67;-2,41;-0,28;0,90;0,10;0,05;11,36;;44.032,50;49,69;-1,32
CREM3;14,50;;32,70;2,45;0,67;30,30;7,39;2,10;9,28;13,11;3,84;1,01;0,69;4,89;-1,69;1,29;7,50;2,05;9,29;0,27;0,73;0,98;1,09;;;5,91;0,44
CRFB3;19,48;1,28;16,30;2,62;0,83;20,00;6,10;3,52;9,40;10,72;1,32;0,37;0,57;16,77;-1,61;1,11;16,05;5,10;13,12;0,32;0,65;1,45;10,32;12,50;120.375.890,88;7,45;1,19
CRIV3;5,54;0,63;9,82;0,58;0,10;53,72;17,06;11,75;6,77;7,20;;;1,15;0,78;-0,13;2,93;5,95;1,05;;0,18;0,82;0,09;-5,15;14,18;18.949,59;9,49;0,56
CRIV4;6,36;7,65;11,27;0,67;0,12;53,72;17,06;11,75;7,77;7,20;;;1,33;0,89;-0,15;2,93;5,95;1,05;;0,18;0,82;0,09;-5,15;14,18;30.860,00;9,49;0,56
CRPG3;32,38;0,43;7,78;1,39;1,01;31,56;20,87;20,28;7,56;6,03;-1,59;-0,29;1,58;1,47;-5,41;6,44;17,92;13,01;18,10;0,73;0,27;0,64;8,35;;13.201,00;23,24;4,16
CRPG5;32,79;0,42;7,88;1,41;1,02;31,56;20,87;20,28;7,65;6,03;-1,59;-0,29;1,60;1,49;-5,48;6,44;17,92;13,01;18,10;0,73;0,27;0,64;8,35;;501.178,91;23,24;4,16
CRPG6;32,00;0,44;7,69;1,38;1,00;31,56;20,87;20,28;7,47;6,03;-1,59;-0,29;1,56;1,46;-5,35;6,44;17,92;13,01;18,10;0,73;0,27;0,64;8,35;;142.754,38;23,24;4,16
CSAB3;54,99;5,64;9,27;2,15;1,08;-432,32;-5.765,78;-5.795,29;9,32;9,06;;;;10,62;-1,28;2,99;23,21;11,67;;0,50;0,50;0,00;-27,17;-14,21;9.537,75;25,55;5,93
CSAB4;51,90;6,58;8,75;2,03;1,02;-432,32;-5.765,78;-5.795,29;8,80;9,06;;;;10,02;-1,21;2,99;23,21;11,67;;0,50;0,50;0,00;-27,17;-14,21;43.102,83;25,55;5,93
CSAN3;76,10;1,97;29,29;2,81;0,83;29,61;19,83;7,87;11,63;16,17;4,54;1,10;2,31;5,25;-1,23;1,95;9,61;2,84;8,48;0,30;0,69;0,36;10,73;31,02;185.452.211,59;27,04;2,60
CSMG3;16,05;17,37;7,60;0,85;0,51;44,16;23,69;15,15;4,86;6,63;1,77;0,31;1,15;7,27;-0,63;1,57;11,24;6,67;9,31;0,59;0,41;0,44;4,54;18,85;47.549.248,82;18,79;2,11
CSNA3;30,40;0,03;38,01;8,44;0,74;32,98;14,06;4,14;11,20;18,54;7,34;5,53;1,57;7,43;-1,10;1,44;22,21;1,95;6,82;0,09;0,89;0,47;9,54;;326.222.409,62;3,60;0,80
CSRN3;16,61;0,99;8,66;2,13;0,60;23,60;17,42;12,31;6,12;9,25;3,16;1,10;1,07;6,48;-0,78;1,68;24,58;6,93;12,19;0,28;0,72;0,56;10,15;5,29;10.003,38;7,80;1,92
CSRN5;18,50;0,98;9,65;2,37;0,67;23,60;17,42;12,31;6,82;9,25;3,16;1,10;1,19;7,21;-0,87;1,68;24,58;6,93;12,19;0,28;0,72;0,56;10,15;5,29;26.878,40;7,80;1,92
CSRN6;16,21;1,12;8,46;2,08;0,59;23,60;17,42;12,31;5,98;9,25;3,16;1,10;1,04;6,32;-0,76;1,68;24,58;6,93;12,19;0,28;0,72;0,56;10,15;5,29;54.492,00;7,80;1,92
CTCA3;0,00;;0,00;0,00;0,00;64,04;23,48;16,83;0,00;-1,83;-1,83;-0,20;0,00;0,00;0,00;2,86;7,98;6,00;5,83;0,75;0,25;0,36;26,66;30,12;;743,19;59,27
CTKA3;27,10;;1,25;-0,84;0,33;39,59;27,74;37,10;1,67;6,23;4,73;;0,46;1,42;-0,85;1,62;-67,24;26,65;20,91;-0,40;1,40;0,72;0,27;;149.236,03;-32,37;21,77
CTKA4;22,15;;1,02;-0,68;0,27;39,59;27,74;37,10;1,36;6,23;4,73;;0,38;1,16;-0,70;1,62;-67,24;26,65;20,91;-0,40;1,40;0,72;0,27;;311.501,74;-32,37;21,77
CTNM3;12,50;;-1,75;0,46;0,09;30,47;-1,66;-12,13;-12,79;-52,38;-43,22;1,55;0,21;3,03;-0,14;1,09;-26,15;-5,17;-3,60;0,20;0,64;0,43;-5,30;;74.867,30;27,26;-7,13
CTNM4;5,99;;-0,84;0,22;0,04;30,47;-1,66;-12,13;-6,13;-52,38;-43,22;1,55;0,10;1,45;-0,07;1,09;-26,15;-5,17;-3,60;0,20;0,64;0,43;-5,30;;125.304,68;27,26;-7,13
CTSA3;2,52;1,21;-17.529,61;0,98;0,44;18,14;4,42;0,00;14,09;;11,06;0,77;0,62;14,06;-0,81;1,07;-0,01;0,00;2,79;0,45;0,55;0,71;2,57;61,71;112.321,41;2,56;0,00
CTSA4;2,00;1,52;-13.912,39;0,78;0,35;18,14;4,42;0,00;11,18;;11,06;0,77;0,49;11,16;-0,64;1,07;-0,01;0,00;2,79;0,45;0,55;0,71;2,57;61,71;69.039,97;2,56;0,00
CTSA8;0,00;;0,00;0,00;0,00;18,14;4,42;0,00;0,00;;11,06;0,77;0,00;0,00;0,00;1,07;-0,01;0,00;2,79;0,45;0,55;0,71;2,57;61,71;;2,56;0,00
CURY3;10,62;;17,87;6.743,10;1.726,64;35,84;19,91;12,73;11,43;11,43;0,00;-0,66;2,28;4.278,22;-11.911,62;1,89;37.741,48;9.664,08;25.609,78;0,26;0,65;758,86;;;7.626.972,82;0,00;0,59
CVCB3;20,59;2,03;-2,09;-10,71;0,70;81,82;-155,58;-207,35;-2,79;-3,06;-0,28;;4,34;-2,96;-2,42;0,75;-512,04;-33,62;-93,72;-0,07;1,06;0,16;19,77;-20,22;187.744.784,26;-1,92;-9,84
CYRE3;28,88;6,29;7,00;1,84;1,01;32,48;54,65;41,20;5,28;5,53;0,25;0,09;2,89;3,22;-1,92;3,01;26,32;14,47;19,26;0,55;0,43;0,35;-7,54;-8,46;198.012.769,68;15,66;4,12
DASA3;68,51;0,82;-172,75;8,45;2,65;24,99;1,31;-3,24;427,01;471,49;44,49;0,88;5,60;25,63;-3,84;1,50;-4,89;-1,54;-0,26;0,31;0,69;0,47;10,10;9,52;87.496,28;8,10;-0,40
DIRR3;12,99;6,24;19,79;1,50;0,38;34,62;13,11;6,98;10,53;10,89;0,36;0,05;1,38;1,06;-0,71;4,44;7,58;1,92;6,05;0,25;0,72;0,28;-4,50;-12,25;16.180.004,88;8,66;0,66
DMMO11;0,57;;-0,43;-0,20;0,50;-13,98;-72,90;-111,20;-0,65;;0,22;;0,47;-0,64;-1,09;0,41;-47,51;-117,06;31,33;-2,46;3,46;1,05;-15,03;;572.020,88;-2,82;-1,34
DMMO3;1,44;;-1,08;-0,51;1,26;-13,98;-72,90;-111,20;-1,64;;0,22;;1,20;-1,63;-2,76;0,41;-47,51;-117,06;31,33;-2,46;3,46;1,05;-15,03;;20.503.770,94;-2,82;-1,34
DMVF3;12,69;;-2.158,58;0,78;0,43;14,74;8,05;0,29;-77,59;-65,60;11,99;-0,12;;3,20;-0,71;1,51;-0,04;-0,02;-1,01;0,55;0,45;-0,07;;;3.389.264,53;16,17;-0,01
DOHL3;20,90;1,98;45,06;2,62;2,06;26,62;2,86;7,32;115,32;86,26;-4,76;-0,11;3,30;5,10;-4,03;5,83;5,82;4,58;-1,16;0,79;0,21;0,63;4,74;-5,49;68.526,03;7,97;0,46
DOHL4;5,17;8,79;11,15;0,65;0,51;26,62;2,86;7,32;28,53;86,26;-4,76;-0,11;0,82;1,26;-1,00;5,83;5,82;4,58;-1,16;0,79;0,21;0,63;4,74;-5,49;288.311,18;7,97;0,46
DTCY3;7,30;;-25,14;9,46;2,09;32,90;-3,27;-12,55;-96,38;-137,55;1,06;-0,10;3,16;-11,08;-2,88;0,59;-37,64;-8,30;-6,59;0,22;0,78;0,66;-1,40;;10.592,10;0,77;-0,29
DTCY4;62,60;;-215,57;81,13;17,90;32,90;-3,27;-12,55;-826,47;-137,55;1,06;-0,10;27,06;-95,03;-24,70;0,59;-37,64;-8,30;-6,59;0,22;0,78;0,66;-1,40;;45.933,00;0,77;-0,29
DTEX3;20,22;;32,01;2,87;1,25;28,32;12,99;7,98;19,68;22,33;2,65;0,39;2,56;8,54;-1,93;1,71;8,96;3,90;7,03;0,44;0,56;0,49;4,69;0,61;58.029.683,68;7,05;0,63
EALT3;13,31;0,41;14,27;1,67;0,68;24,31;10,30;8,21;11,37;10,20;2,76;0,40;1,17;10,29;-1,24;1,17;11,69;4,75;7,32;0,41;0,59;0,58;11,80;20,01;59.397,08;7,98;0,93
EALT4;5,19;1,16;5,56;0,65;0,26;24,31;10,30;8,21;4,43;10,20;2,76;0,40;0,46;4,01;-0,48;1,17;11,69;4,75;7,32;0,41;0,59;0,58;11,80;20,01;311.022,59;7,98;0,93
ECOR3;13,00;;25,67;10,57;0,59;39,47;32,03;6,97;5,59;11,01;5,42;10,25;1,79;35,53;-0,74;1,09;41,20;2,28;10,06;0,06;0,94;0,33;6,12;;56.758.898,62;1,23;0,51
ECPR3;77,00;;-2,41;1,04;0,55;;;;-2,83;-2,78;0,02;-0,01;;94,03;-0,55;2,94;-43,42;-22,74;-37,09;0,52;0,48;0,00;;;7.733,00;73,72;-32,01
ECPR4;74,96;;-2,34;1,02;0,53;;;;-2,76;-2,78;0,02;-0,01;;91,54;-0,54;2,94;-43,42;-22,74;-37,09;0,52;0,48;0,00;;;10.030,67;73,72;-32,01
EEEL3;517,35;3,82;13,04;1,86;0,88;59,99;46,83;26,56;7,39;7,53;0,13;0,03;3,46;5,26;-1,21;2,63;14,25;6,77;16,60;0,48;0,52;0,25;10,14;;48.625,00;278,37;39,68
EEEL4;543,00;4,00;13,68;1,95;0,93;59,99;46,83;26,56;7,76;7,53;0,13;0,03;3,63;5,52;-1,27;2,63;14,25;6,77;16,60;0,48;0,52;0,25;10,14;;49.599,38;278,37;39,68
EGIE3;44,91;3,84;15,37;5,13;1,07;38,94;40,57;21,13;8,00;10,69;2,69;1,72;3,25;11,26;-1,45;1,55;33,37;6,93;15,71;0,21;0,79;0,33;8,66;10,81;88.424.788,15;8,76;2,92
EKTR3;23,39;1,41;9,22;1,49;0,48;19,07;13,15;7,44;5,22;9,03;3,78;1,08;0,69;14,43;-0,75;1,10;16,22;5,20;8,66;0,32;0,68;0,70;7,24;2,43;14.626,36;15,65;2,54
EKTR4;23,60;1,53;9,30;1,51;0,48;19,07;13,15;7,44;5,27;9,03;3,78;1,08;0,69;14,56;-0,75;1,10;16,22;5,20;8,66;0,32;0,68;0,70;7,24;2,43;32.205,06;15,65;2,54
ELEK3;19,11;2,25;24,46;2,66;1,07;11,39;2,82;2,53;21,94;38,76;5,75;0,70;0,62;3,75;-2,60;1,94;10,87;4,36;4,38;0,40;0,60;1,72;1,48;;11.501,50;7,19;0,78
ELEK4;36,99;1,16;47,34;5,15;2,07;11,39;2,82;2,53;42,48;38,76;5,75;0,70;1,20;7,26;-5,02;1,94;10,87;4,36;4,38;0,40;0,60;1,72;1,48;;52.244,08;7,19;0,78
ELET3;36,86;4,41;7,19;0,76;0,32;78,47;42,21;24,50;4,17;6,75;2,58;0,47;1,76;2,65;-0,43;1,88;10,60;4,43;9,96;0,42;0,58;0,18;-1,65;;216.515.668,00;48,35;5,13
ELET5;39,01;5,89;7,61;0,81;0,34;78,47;42,21;24,50;4,42;6,75;2,58;0,47;1,86;2,80;-0,45;1,88;10,60;4,43;9,96;0,42;0,58;0,18;-1,65;;17.530,67;48,35;5,13
ELET6;36,84;4,85;7,19;0,76;0,32;78,47;42,21;24,50;4,17;6,75;2,58;0,47;1,76;2,65;-0,43;1,88;10,60;4,43;9,96;0,42;0,58;0,18;-1,65;;83.993.848,38;48,35;5,13
ELPL3;8,41;;3,41;0,49;0,06;9,15;9,15;3,27;1,22;2,92;1,70;0,68;0,11;-2,21;-0,07;0,91;14,39;1,64;13,53;0,11;0,89;0,50;6,77;;84.759.083,84;17,14;2,47
EMAE3;25,35;6,60;8,35;0,88;0,57;18,64;7,71;25,53;27,68;33,57;-12,74;-0,41;2,13;1,54;-1,01;6,10;10,58;6,79;-0,49;0,64;0,36;0,27;23,78;;;28,68;3,03
EMAE4;53,69;3,43;17,70;1,87;1,20;18,64;7,71;25,53;58,62;33,57;-12,74;-0,41;4,52;3,26;-2,15;6,10;10,58;6,79;-0,49;0,64;0,36;0,27;23,78;;288.818,82;28,68;3,03
EMBR3;8,95;;-1,48;0,42;0,11;10,48;-18,90;-35,02;-2,74;-8,27;-5,52;0,84;0,52;0,33;-0,26;2,29;-28,33;-7,31;-7,44;0,26;0,73;0,21;-6,86;;156.833.430,35;21,34;-6,05
ENAT3;11,19;10,21;8,59;1,01;0,65;33,40;33,74;29,77;7,58;3,71;-3,87;-0,52;2,56;2,03;-1,15;3,72;11,79;7,56;9,01;0,64;0,36;0,25;17,18;2,03;22.612.728,59;11,04;1,30
ENBR3;19,72;2,96;9,15;1,21;0,42;20,09;15,73;8,84;5,15;7,65;2,50;0,59;0,81;20,03;-0,56;1,09;13,23;4,57;9,03;0,35;0,61;0,52;11,35;12,08;56.761.705,94;16,28;2,15
ENEV3;56,68;;26,08;2,46;1,14;43,07;32,81;21,92;17,42;22,00;4,58;0,65;5,72;9,73;-1,45;2,19;9,43;4,36;7,02;0,46;0,54;0,20;11,78;;115.797.111,91;23,05;2,17
ENGI11;50,60;1,19;11,01;2,68;0,42;17,34;13,33;8,58;7,08;12,55;5,47;2,07;0,94;14,51;-0,58;1,12;24,33;3,85;8,01;0,16;0,82;0,45;19,08;11,59;73.279.471,71;18,89;4,60
ENGI3;17,70;0,68;19,26;4,69;0,74;17,34;13,33;8,58;12,39;12,55;5,47;2,07;1,65;25,38;-1,02;1,12;24,33;3,85;8,01;0,16;0,82;0,45;19,08;11,59;311.108,18;3,78;0,92
ENGI4;8,31;1,44;9,04;2,20;0,35;17,34;13,33;8,58;5,82;12,55;5,47;2,07;0,78;11,91;-0,48;1,12;24,33;3,85;8,01;0,16;0,82;0,45;19,08;11,59;282.832,65;3,78;0,92
ENJU3;11,99;;-87,45;32,17;21.443,29;35,24;-29,96;-32,64;-95,25;-92,05;3,20;-1,08;28,54;41,00;-110,76;2,85;-36,79;-24.520,85;-31,42;666,56;333,44;751,28;;;19.504.381,57;0,37;-0,14
ENMA3B;50,49;0,61;12,60;2,57;1,06;33,06;21,05;17,17;10,28;;0,81;0,20;2,16;5,98;-1,87;1,70;20,37;8,41;11,86;0,41;0,59;0,49;8,84;14,09;249.508,00;19,67;4,01
ENMA6B;83,99;1,58;20,96;4,27;1,76;33,06;21,05;17,17;17,10;;0,81;0,20;3,60;9,95;-3,11;1,70;20,37;8,41;11,86;0,41;0,59;0,49;8,84;14,09;164.437,89;19,67;4,01
ENMT3;29,89;;11,28;2,49;0,72;21,11;16,41;12,10;8,31;12,02;3,51;1,05;1,36;5,72;-1,13;1,53;22,05;6,39;9,81;0,29;0,71;0,53;13,13;41,49;112.492,21;12,02;2,65
ENMT4;31,00;1,83;11,70;2,58;0,75;21,11;16,41;12,10;8,62;12,02;3,51;1,05;1,41;5,93;-1,17;1,53;22,05;6,39;9,81;0,29;0,71;0,53;13,13;41,49;5.056,67;12,02;2,65
EQPA3;3,19;2,51;10,37;1,94;0,56;31,72;19,58;12,00;6,35;7,92;1,56;0,48;1,24;2,31;-0,95;2,50;18,71;5,44;11,05;0,29;0,71;0,45;7,01;6,33;162.569,18;1,64;0,31
EQPA5;5,24;0,95;17,03;3,19;0,93;31,72;19,58;12,00;10,44;7,92;1,56;0,48;2,04;3,80;-1,56;2,50;18,71;5,44;11,05;0,29;0,71;0,45;7,01;6,33;59.064,33;1,64;0,31
EQPA6;10,68;0,75;34,72;6,49;1,89;31,72;19,58;12,00;21,27;7,92;1,56;0,48;4,17;7,74;-3,18;2,50;18,71;5,44;11,05;0,29;0,71;0,45;7,01;6,33;1.068,00;1,64;0,31
EQPA7;5,33;1,50;17,33;3,24;0,94;31,72;19,58;12,00;10,62;7,92;1,56;0,48;2,08;3,86;-1,59;2,50;18,71;5,44;11,05;0,29;0,71;0,45;7,01;6,33;25.313,75;1,64;0,31
EQTL3;22,90;1,40;8,02;2,38;0,55;34,57;27,08;15,96;4,73;6,82;2,09;1,05;1,28;3,94;-0,81;1,77;29,69;6,85;13,46;0,23;0,72;0,43;22,53;28,32;162.900.458,74;9,62;2,86
ESTR3;17,80;;-0,61;-0,03;0,06;47,63;11,87;-22,10;1,14;6,04;4,51;;0,14;-0,03;-0,12;0,21;-4,82;-9,56;-2,96;-1,98;2,98;0,43;-11,86;;22.463,87;-601,37;-29,00
ESTR4;27,00;;-0,93;-0,04;0,09;47,63;11,87;-22,10;1,73;6,04;4,51;;0,21;-0,05;-0,18;0,21;-4,82;-9,56;-2,96;-1,98;2,98;0,43;-11,86;;14.263,67;-601,37;-29,00
ETER3;14,11;;16,42;8,96;1,17;26,24;15,49;7,73;8,19;8,28;0,09;0,10;1,27;9,58;-2,27;1,34;54,57;7,12;34,54;0,13;0,87;0,92;-12,96;;82.108.693,76;1,57;0,86
EUCA3;23,64;;23,59;1,52;0,83;31,25;13,99;5,57;9,39;7,00;1,89;0,31;1,31;102,79;-1,21;1,03;6,44;3,50;7,77;0,54;0,46;0,63;6,48;19,12;146.756,82;15,57;1,00
EUCA4;7,38;;7,37;0,47;0,26;31,25;13,99;5,57;2,93;7,00;1,89;0,31;0,41;32,09;-0,38;1,03;6,44;3,50;7,77;0,54;0,46;0,63;6,48;19,12;898.697,47;15,57;1,00
EVEN3;12,80;1,13;20,17;1,48;0,49;25,89;10,45;7,93;15,31;13,13;-2,18;-0,21;1,60;1,02;-1,99;2,73;7,31;2,42;4,14;0,33;0,54;0,30;-2,81;-12,22;20.093.497,32;8,68;0,63
EZTC3;43,98;0,67;26,75;2,48;2,21;42,82;28,52;37,96;35,61;31,01;-4,61;-0,32;10,16;5,10;-4,48;6,75;9,27;8,25;6,38;0,89;0,10;0,22;-3,30;-9,33;88.396.458,71;17,74;1,64
FBMC3;0,00;;0,00;0,00;0,00;-60,76;-92,67;-101,97;0,00;-0,74;-0,67;;0,00;0,00;0,00;0,31;-24,19;-36,57;25,82;-1,51;2,51;0,36;-18,14;;;-87,48;-21,16
FBMC4;1,96;;-0,09;-0,02;0,03;-60,76;-92,67;-101,97;-0,10;-0,74;-0,67;;0,09;-0,04;-0,05;0,31;-24,19;-36,57;25,82;-1,51;2,51;0,36;-18,14;;;-87,48;-21,16
FESA3;32,31;2,16;91,32;1,66;0,99;24,85;13,40;2,16;14,74;11,97;1,39;0,16;1,98;7,86;-1,41;1,73;1,82;1,08;8,36;0,60;0,40;0,50;9,09;19,29;25.997,11;19,48;0,35
FESA4;18,61;4,12;52,60;0,96;0,57;24,85;13,40;2,16;8,49;11,97;1,39;0,16;1,14;4,52;-0,81;1,73;1,82;1,08;8,36;0,60;0,40;0,50;9,09;19,29;4.311.706,76;19,48;0,35
FHER3;3,03;;0,25;-0,80;0,09;12,57;0,70;34,79;12,34;34,43;22,09;;0,09;0,89;-0,19;1,23;-319,27;35,52;-192,42;-0,11;1,11;1,02;-27,63;141,43;1.068.385,82;-3,81;12,16
FIGE3;0,00;;0,00;0,00;0,00;100,00;91,40;46,81;0,00;-9,31;-9,31;-0,35;0,00;0,00;0,00;590,35;1,95;1,94;2,68;1,00;0,00;0,04;;-6,38;;97,51;1,90
FIGE4;0,00;;0,00;0,00;0,00;100,00;91,40;46,81;0,00;-9,31;-9,31;-0,35;0,00;0,00;0,00;590,35;1,95;1,94;2,68;1,00;0,00;0,04;;-6,38;;97,51;1,90
FLEX3;0,00;;0,00;0,00;0,00;30,08;-0,38;-5,13;0,00;-71,90;-71,90;3,84;0,00;0,00;0,00;1,07;-72,08;-5,47;-6,40;0,08;0,92;1,07;24,52;;;10,74;-7,74
FLRY3;26,75;2,75;48,92;5,03;1,52;25,99;14,76;6,28;20,81;22,74;1,93;0,47;3,07;9,49;-2,33;1,84;10,28;3,10;9,02;0,30;0,70;0,49;11,59;29,49;53.868.017,35;5,32;0,55
FNCN3;0,00;;0,00;0,00;0,00;95,09;-344,67;-344,50;0,00;0,00;;;0,00;0,00;0,00;26,37;-17,66;-16,85;;0,95;0,05;0,05;-22,05;;;12,62;-2,23
FRAS3;9,69;;37,07;2,38;0,76;28,15;10,20;3,93;14,29;18,01;3,72;0,62;1,46;3,60;-1,44;1,82;6,41;2,06;4,68;0,32;0,67;0,52;12,30;-6,17;1.265.519,35;4,07;0,26
FRIO3;65,00;;-1,92;-3,59;0,16;17,81;7,99;-9,69;2,33;9,48;7,15;;0,19;-11,74;-0,54;0,98;-186,84;-8,17;5,93;-0,04;1,00;0,84;10,93;;20.714,14;-18,11;-33,84
FRTA3;6,00;;4,66;-0,19;0,35;42,90;-15,99;25,77;-7,50;-45,53;-38,02;;1,20;-0,16;-0,41;0,06;-3,97;7,50;62,35;-1,89;2,89;0,29;-29,82;;208.822,00;-32,42;1,29
FTRT3B;0,00;;0,00;0,00;0,00;;;;0,00;0,00;0,00;0,00;;0,00;0,00;0,00;-0,95;-0,90;-2,42;0,95;0,05;0,00;;;;0,01;0,00
GBIO33;10,40;;-14,97;1,32;0,79;43,48;3,79;-10,14;40,09;47,57;7,48;0,25;1,52;7,57;-1,43;1,31;-8,83;-5,29;-0,10;0,60;0,40;0,52;12,83;-38,45;5.159.958,21;7,86;-0,69
GEPA3;43,01;4,76;16,81;2,29;0,94;42,25;38,02;16,39;7,24;7,16;0,01;0,00;2,75;-8,51;-1,33;0,72;13,64;5,61;16,92;0,41;0,59;0,34;2,48;-2,91;22.311,44;18,76;2,56
GEPA4;42,14;4,85;16,47;2,25;0,92;42,25;38,02;16,39;7,10;7,16;0,01;0,00;2,70;-8,34;-1,30;0,72;13,64;5,61;16,92;0,41;0,59;0,34;2,48;-2,91;107.733,58;18,76;2,56
GFSA3;4,77;;-24,52;0,95;0,42;24,71;-8,61;-13,92;-39,61;-42,78;-3,17;0,08;3,41;1,19;-1,80;1,84;-3,87;-1,70;-3,06;0,44;0,56;0,12;-24,01;;24.299.693,29;5,02;-0,19
GGBR3;20,70;0,72;25,12;1,14;0,56;9,93;8,05;3,57;11,14;16,48;3,86;0,39;0,90;2,75;-0,86;2,41;4,53;2,23;5,04;0,49;0,50;0,63;-1,40;-3,95;2.457.212,41;18,18;0,82
GGBR4;24,83;0,60;30,13;1,37;0,67;9,93;8,05;3,57;13,36;16,48;3,86;0,39;1,07;3,29;-1,03;2,41;4,53;2,23;5,04;0,49;0,50;0,63;-1,40;-3,95;323.213.869,38;18,18;0,82
GMAT3;8,31;;29,26;7,38;3,19;24,95;7,51;5,96;23,21;24,51;1,30;0,41;1,74;7,64;-10,42;2,51;25,22;10,89;17,70;0,43;0,56;1,83;;;43.206.730,24;1,13;0,28
GNDI3;74,35;0,22;55,82;6,38;2,86;29,92;13,48;7,99;33,09;32,97;-0,13;-0,02;4,46;26,25;-4,11;1,56;11,43;5,12;8,75;0,45;0,55;0,64;;;371.910.043,76;11,65;1,33
GOAU3;9,65;0,93;19,84;0,90;0,17;9,93;8,06;1,33;3,28;7,53;3,86;1,06;0,26;0,81;-0,25;2,42;4,56;0,83;5,04;0,18;0,50;0,63;-1,40;1,60;770.756,18;10,67;0,49
GOAU4;11,38;0,79;23,39;1,07;0,19;9,93;8,06;1,33;3,87;7,53;3,86;1,06;0,31;0,95;-0,30;2,42;4,56;0,83;5,04;0,18;0,50;0,63;-1,40;1,60;117.252.516,85;10,67;0,49
GOLL4;25,15;;-21,88;-5,35;6,16;26,49;-3,96;-40,78;-225,21;-252,00;-26,78;;8,92;-8,66;-7,95;0,24;-24,44;-28,13;12,46;-1,15;2,10;0,69;6,61;;302.592.719,18;-4,70;-1,15
GPAR3;28,60;;20,23;1,96;1,45;53,78;71,27;51,40;14,59;14,07;-0,52;-0,07;10,40;6,53;-2,11;3,53;9,68;7,19;8,24;0,74;0,26;0,14;32,73;;28.324,00;14,61;1,41
GPCP3;20,45;1,50;6,53;2,33;0,76;21,01;14,40;10,73;4,86;5,65;0,69;0,33;0,70;4,69;-1,30;1,63;35,71;11,58;27,32;0,32;0,62;1,08;16,77;;3.197.126,15;8,78;3,13
GPCP4;27,39;5,70;8,74;3,12;1,01;21,01;14,40;10,73;6,51;5,65;0,69;0,33;0,94;6,28;-1,74;1,63;35,71;11,58;27,32;0,32;0,62;1,08;16,77;;53.433,21;8,78;3,13
GPIV33;3,92;;-0,73;0,22;0,10;100,00;133,67;57,35;-0,31;0,52;0,83;-0,59;;0,39;-0,15;5,44;-30,44;-13,70;-40,29;0,45;0,25;-0,24;17,48;110,83;1.573.199,03;17,70;-5,39
GRND3;8,50;1,97;25,03;2,09;1,90;46,18;13,38;17,75;33,22;27,44;-5,78;-0,36;4,44;3,22;-5,59;9,74;8,35;7,61;5,70;0,91;0,09;0,43;-1,50;0,40;15.702.397,38;4,07;0,34
GSHP3;60,06;;-0,21;-0,20;0,07;66,62;20,78;-575,66;5,95;88,44;82,48;;1,24;3,01;-0,08;1,12;-92,07;-31,18;-3,71;-0,34;1,34;0,05;-11,13;;254.658,86;-303,62;-279,55
GUAR3;15,49;5,70;170,42;1,59;0,59;55,84;0,51;0,70;234,00;269,25;35,25;0,24;1,19;3,10;-1,47;1,47;0,93;0,35;-1,16;0,37;0,63;0,49;10,55;4,30;15.779.658,94;9,73;0,09
HAGA3;3,40;;8,36;-0,53;0,68;27,28;24,51;19,14;6,53;5,36;0,62;;1,60;1,91;-3,99;1,76;-6,34;8,16;-15,99;-1,29;2,29;0,43;-8,09;-12,85;29.253,74;-6,42;0,41
HAGA4;2,01;;4,94;-0,31;0,40;27,28;24,51;19,14;3,86;5,36;0,62;;0,95;1,13;-2,36;1,76;-6,34;8,16;-15,99;-1,29;2,29;0,43;-8,09;-12,85;124.255,56;-6,42;0,41
HAPV3;15,20;0,43;62,68;7,20;4,29;40,49;16,85;11,17;41,55;41,18;-0,37;-0,06;7,00;36,56;-5,81;1,82;11,49;6,85;10,46;0,60;0,40;0,61;;;130.592.334,44;2,11;0,24
HBOR3;11,71;;-58,92;1,26;0,35;13,69;0,83;-2,20;155,00;249,32;94,31;0,76;1,29;0,67;-1,34;3,38;-2,13;-0,59;-0,48;0,28;0,64;0,27;-4,23;;20.428.571,85;9,32;-0,20
HBSA3;6,73;;-32,94;3,52;0,88;21,29;12,97;-11,72;29,76;47,03;17,27;2,04;3,86;4,41;-1,20;4,03;-10,68;-2,67;2,19;0,25;0,75;0,23;65,55;;20.298.890,21;1,91;-0,20
HBTS5;29,51;0,17;-18,71;0,91;0,21;71,38;-21,78;-20,65;-17,74;-25,84;-8,11;0,42;3,86;-1,75;-0,24;0,54;-4,89;-1,10;-5,18;0,22;0,78;0,05;;;95.154,69;32,25;-1,58
HETA3;4,01;;4,90;-0,01;0,19;100,00;80,19;32,53;1,99;318,92;315,74;;1,60;-0,05;-0,20;0,02;-0,11;3,89;-1,70;-35,72;36,72;0,12;-21,42;-46,73;;-750,28;0,82
HETA4;7,61;;9,31;-0,01;0,36;100,00;80,19;32,53;3,78;318,92;315,74;;3,03;-0,10;-0,39;0,02;-0,11;3,89;-1,70;-35,72;36,72;0,12;-21,42;-46,73;29.460,19;-750,28;0,82
HGTX3;18,06;2,44;8,37;1,82;1,31;39,02;8,76;32,60;31,14;28,69;-2,45;-0,14;2,73;3,65;-3,37;2,42;21,69;15,63;1,64;0,72;0,28;0,48;-1,59;-7,61;45.277.993,44;9,94;2,16
HOOT3;0,00;;0,00;0,00;0,00;54,47;-284,86;-318,57;0,00;-0,13;0,02;;0,00;0,00;0,00;0,05;-40,98;-36,82;35,21;-0,90;1,95;0,12;-11,72;;;-22,84;-9,36
HOOT4;3,02;;-0,32;-0,13;0,12;54,47;-284,86;-318,57;-0,36;-0,13;0,02;;1,03;-0,10;-0,13;0,05;-40,98;-36,82;35,21;-0,90;1,95;0,12;-11,72;;58.764,44;-22,84;-9,36
HYPE3;33,89;3,50;17,61;2,31;1,26;63,95;30,75;31,40;17,98;18,52;0,54;0,07;5,53;3,71;-2,38;3,56;13,11;7,14;7,45;0,54;0,46;0,23;3,54;23,65;135.170.144,62;14,68;1,92
IDVL3;2,16;;-0,99;0,93;0,06;-18,91;-40,19;-154,60;-3,81;-3,86;;;1,53;0,48;-0,13;1,26;-94,38;-5,67;;0,06;0,94;0,04;-32,17;;218.664,47;2,31;-2,18
IDVL4;2,91;;-1,33;1,26;0,08;-18,91;-40,19;-154,60;-5,13;-3,86;;;2,06;0,64;-0,18;1,26;-94,38;-5,67;;0,06;0,94;0,04;-32,17;;75.374,41;2,31;-2,18
IGBR3;7,39;;-1,01;-0,10;0,48;80,85;-655,78;-1.542,07;-2,38;-25,70;-23,32;;15,63;-1,23;-0,52;0,15;-9,87;-47,71;198,41;-4,83;5,83;0,03;-8,75;;1.938.714,03;-73,87;-7,29
IGSN3;0,00;;0,00;0,00;0,00;42,78;23,69;4,79;0,00;0,01;0,01;1,35;0,00;0,00;0,00;2,70;4.603,21;1.288,62;6.333,81;0,28;0,72;269,20;9,74;21,41;;0,00;0,18
IGTA3;38,27;1,09;29,26;2,18;1,07;62,81;57,18;32,77;16,77;21,35;4,58;0,60;9,59;10,76;-1,36;1,89;7,45;3,67;5,23;0,49;0,51;0,11;5,50;6,38;100.133.785,68;17,57;1,31
INEP3;9,37;;-0,18;-0,04;0,06;19,54;-4.232,60;-5.843,94;-0,25;-2,63;-2,38;;10,56;-0,04;-0,07;0,10;-19,63;-30,72;21,52;-1,57;2,57;0,01;-53,72;;270.450,94;-264,21;-51,86
INEP4;9,18;;-0,18;-0,03;0,05;19,54;-4.232,60;-5.843,94;-0,24;-2,63;-2,38;;10,35;-0,04;-0,07;0,10;-19,63;-30,72;21,52;-1,57;2,57;0,01;-53,72;;239.698,85;-264,21;-51,86
INNT3;0,00;;0,00;0,00;0,00;21,81;3,30;1,98;0,00;13,46;13,46;1,50;0,00;0,00;0,00;1,58;6,69;0,67;0,51;0,10;0,90;0,34;62,50;37,41;;0,90;0,06
IRBR3;7,39;1,79;-14,42;1,92;0,40;-14,54;-13,47;-8,01;-8,58;-8,58;;;1,16;-5,48;-1,26;0,90;-13,33;-2,79;;0,21;0,79;0,35;17,17;15,00;361.001.084,41;3,85;-0,51
ITEC3;40,10;;-35,12;22,04;9,22;-121,18;-18.852,94;-7.435,88;-13,85;-13,21;0,64;-1,02;2.611,73;25,42;-16,70;5,23;-62,76;-26,24;-174,07;0,42;0,58;0,00;-75,29;;;1,82;-1,14
ITSA3;12,14;5,31;14,92;1,87;1,51;28,31;145,27;125,07;12,85;12,55;0,11;0,02;18,66;26,72;-1,68;2,32;12,56;10,13;12,49;0,81;0,15;0,08;-0,05;5,31;2.313.777,03;6,48;0,81
ITSA4;11,56;5,58;14,21;1,78;1,44;28,31;145,27;125,07;12,23;12,55;0,11;0,02;17,77;25,45;-1,60;2,32;12,56;10,13;12,49;0,81;0,15;0,08;-0,05;5,31;375.063.333,09;6,48;0,81
ITUB3;28,04;4,65;14,79;2,02;0,14;53,89;-0,46;10,20;-326,49;-347,33;;;1,51;;-0,14;;13,69;0,93;;0,07;0,93;0,09;8,39;4,93;22.160.759,82;13,85;1,90
ITUB4;31,66;4,12;16,70;2,29;0,16;53,89;-0,46;10,20;-368,64;-347,33;;;1,70;;-0,16;;13,69;0,93;;0,07;0,93;0,09;8,39;4,93;1.222.224.564,03;13,85;1,90
JBDU3;2,53;;-13,05;0,19;0,07;;;;-34,89;-36,71;-12,67;0,07;;-0,39;-0,07;0,00;-1,44;-0,51;-0,51;0,35;0,65;0,00;;;113.980,50;13,42;-0,19
JBDU4;1,35;;-6,96;0,10;0,04;;;;-18,62;-36,71;-12,67;0,07;;-0,21;-0,04;0,00;-1,44;-0,51;-0,51;0,35;0,65;0,00;;;243.688,53;13,42;-0,19
JBSS3;23,67;2,28;20,60;1,57;0,37;17,04;7,89;1,20;3,13;5,73;2,60;1,30;0,25;2,38;-0,61;1,69;7,64;1,81;14,38;0,24;0,74;1,51;11,17;21,85;391.906.997,74;15,04;1,15
JFEN3;4,33;;-2,09;-3.347,14;307,61;-124,60;-2.910,42;-2.662,77;-1,92;-1,92;0,00;;55,74;2.713,89;-2.352,68;1,15;-159.905,82;-14.695,69;-68.776,40;-0,09;1,16;5,52;-36,70;;55.586,00;0,00;-2,07
JHSF3;7,85;2,92;8,11;1,41;0,77;65,06;95,64;69,16;5,86;6,33;0,47;0,11;5,61;6,06;-0,97;2,60;17,43;9,47;14,53;0,54;0,45;0,14;1,62;49,95;67.254.198,65;5,56;0,97
JOPA3;35,00;0,82;7,72;0,69;0,18;30,82;10,08;3,24;2,48;6,46;3,99;1,10;0,25;0,63;-0,55;1,70;8,88;2,28;5,20;0,26;0,66;0,71;3,46;-6,68;12.386,19;51,05;4,53
JOPA4;32,06;0,99;7,08;0,63;0,16;30,82;10,08;3,24;2,27;6,46;3,99;1,10;0,23;0,58;-0,50;1,70;8,88;2,28;5,20;0,26;0,66;0,71;3,46;-6,68;3.206,00;51,05;4,53
JPSA3;26,70;0,52;24,99;1,46;0,37;62,85;53,73;13,30;6,19;11,27;5,08;1,20;3,32;3,72;-0,46;1,89;5,86;1,47;4,74;0,25;0,51;0,11;5,51;;6.880.120,26;18,24;1,07
JSLG3;10,77;;13,10;2,82;0,72;19,78;8,08;2,91;4,71;7,18;2,47;1,48;0,38;1,90;-1,50;3,71;21,52;5,50;13,77;0,26;0,74;1,89;;;2.606.047,71;3,82;0,82
KEPL3;37,15;1,47;14,37;1,90;1,15;26,02;13,33;11,29;12,18;10,27;-1,90;-0,30;1,62;5,94;-2,51;1,55;13,23;7,99;10,61;0,60;0,40;0,71;-8,42;-22,30;6.746.753,12;19,53;2,58
KLBN11;25,49;0,83;-8,90;11,04;0,80;38,23;22,86;-29,13;11,35;19,69;8,34;8,11;2,59;3,14;-1,21;3,90;-123,94;-8,97;1,71;0,07;0,91;0,31;15,98;-0,43;136.301.798,44;2,31;-2,86
KLBN3;5,17;0,82;-9,03;11,19;0,81;38,23;22,86;-29,13;11,51;19,69;8,34;8,11;2,63;3,19;-1,23;3,90;-123,94;-8,97;1,71;0,07;0,91;0,31;15,98;-0,43;2.192.656,21;0,46;-0,57
KLBN4;5,08;0,83;-8,87;11,00;0,80;38,23;22,86;-29,13;11,31;19,69;8,34;8,11;2,59;3,13;-1,21;3,90;-123,94;-8,97;1,71;0,07;0,91;0,31;15,98;-0,43;9.787.663,44;0,46;-0,57
LAME3;20,30;0,07;64,22;3,03;0,94;34,85;8,64;2,86;21,28;24,85;0,01;0,00;1,84;2,61;-2,56;2,33;4,72;1,47;5,16;0,31;0,60;0,51;3,26;10,35;51.097.864,91;6,70;0,32
LAME4;25,53;0,06;80,77;3,81;1,19;34,85;8,64;2,86;26,76;24,85;0,01;0,00;2,31;3,28;-3,23;2,33;4,72;1,47;5,16;0,31;0,60;0,51;3,26;10,35;252.864.231,71;6,70;0,32
LAVV3;9,29;;33,69;1,68;1,23;41,05;32,74;22,85;23,51;12,12;-11,38;-0,81;7,70;1,60;-14,09;6,48;4,98;3,66;5,94;0,74;0,21;0,16;;;10.367.616,29;5,54;0,28
LCAM3;27,48;1,32;49,13;3,45;1,15;23,69;12,32;5,46;21,78;26,22;4,44;0,70;2,68;31,98;-1,63;1,14;7,03;2,35;6,27;0,33;0,67;0,43;50,13;68,64;77.986.032,44;7,96;0,56
LEVE3;20,55;0,45;29,35;1,97;0,97;23,64;6,21;4,04;19,12;19,79;0,67;0,07;1,19;4,39;-2,26;1,63;6,71;3,30;5,26;0,49;0,51;0,82;1,60;5,40;6.850.026,94;10,43;0,70
LHER3;0,00;;0,00;0,00;0,00;63,41;22,35;10,99;0,00;-3,77;-3,77;-0,15;0,00;0,00;0,00;6,36;1,95;0,67;3,94;0,34;0,66;0,06;4,31;-51,59;;141,54;2,76
LHER4;0,00;;0,00;0,00;0,00;63,41;22,35;10,99;0,00;-3,77;-3,77;-0,15;0,00;0,00;0,00;6,36;1,95;0,67;3,94;0,34;0,66;0,06;4,31;-51,59;;141,54;2,76
LIGT3;23,50;;-65,87;1,05;0,28;19,17;3,62;-0,90;16,34;32,77;16,43;1,05;0,59;6,61;-0,39;1,17;-1,59;-0,42;1,98;0,27;0,73;0,47;7,79;14,91;57.797.189,97;22,41;-0,36
LINX3;37,54;0,30;-1.493,16;4,22;2,64;66,79;3,94;-0,55;208,61;201,50;-7,11;-0,14;8,22;10,35;-4,85;2,26;-0,28;-0,18;0,81;0,62;0,38;0,32;16,40;-10,47;116.148.697,50;8,89;-0,03
LIPR3;79,00;;28,49;4,65;4,05;;;;30,32;27,36;-2,96;-0,45;;13,17;-6,86;4,06;16,33;14,23;14,73;0,87;0,13;0,00;;;19.230,38;16,98;2,77
LJQQ3;15,00;;57,40;6,08;1,29;41,22;8,62;3,24;21,58;19,84;-1,74;-0,49;1,86;4,19;-4,82;1,72;10,60;2,24;12,08;0,21;0,79;0,69;;;30.250.143,85;2,47;0,26
LLIS3;4,85;;-0,76;0,54;0,13;31,90;-172,04;-68,62;-0,30;-1,72;-1,42;2,52;0,52;1,03;-0,18;2,16;-70,98;-17,67;-75,30;0,25;0,75;0,26;4,50;;591.088,56;9,02;-6,40
LOGG3;34,14;0,62;24,40;1,15;0,85;98,71;185,08;102,20;13,47;15,23;1,76;0,15;24,93;7,35;-1,04;2,84;4,70;3,49;4,27;0,74;0,25;0,03;13,50;-19,27;19.026.079,59;29,75;1,40
LOGN3;16,34;;-16,12;7,94;0,82;16,73;13,98;-10,00;11,53;16,51;4,98;3,43;1,61;2,75;-1,57;2,71;-49,28;-5,11;7,89;0,10;0,90;0,51;1,55;;19.672.098,38;2,06;-1,01
LPSB3;4,96;;-49,52;4,42;1,95;85,78;17,86;-9,39;26,03;21,17;-4,86;-0,83;4,65;6,39;-3,63;2,90;-8,93;-3,93;7,51;0,44;0,57;0,42;-13,72;;4.933.261,76;1,12;-0,10
LREN3;45,19;0,89;28,58;6,80;2,77;59,66;14,16;16,47;33,26;34,28;1,02;0,21;4,71;14,40;-6,29;1,52;23,80;9,70;10,85;0,41;0,59;0,59;12,95;18,45;372.418.910,68;6,64;1,58
LTEL3B;86,61;0,32;62,34;6,62;5,58;;;;59,08;59,12;0,04;0,00;;48,12;-6,48;5,95;10,62;8,95;9,57;0,84;0,16;0,00;;;363.119,00;13,08;1,39
LUPA3;2,38;;-0,47;1,54;0,12;56,37;707,68;1.312,06;-0,87;-3,20;-2,32;4,09;;0,58;-0,20;2,34;-326,35;-26,36;-32,97;0,08;0,92;-0,02;-38,92;;1.177.542,44;1,55;-5,05
LUXM3;0,00;;0,00;0,00;0,00;25,92;13,66;10,95;0,00;12,75;0,41;0,06;0,00;0,00;0,00;2,02;12,15;7,55;7,49;0,62;0,38;0,69;13,39;26,08;;18,64;2,27
LUXM4;62,50;7,47;27,59;3,35;2,08;25,92;13,66;10,95;22,12;12,75;0,41;0,06;3,02;17,01;-2,75;2,02;12,15;7,55;7,49;0,62;0,38;0,69;13,39;26,08;80.374,75;18,64;2,27
LWSA3;74,17;0,17;526,99;14,21;7,67;41,99;10,43;3,91;197,57;189,64;-7,94;-0,57;20,60;20,37;-26,51;2,13;2,70;1,45;4,15;0,54;0,46;0,37;;;108.543.412,29;5,22;0,14
MAPT3;50,01;;-264,10;-8,02;59,45;;;;-267,17;-253,65;0,00;;;-11.488,48;-59,45;0,00;-3,04;-22,51;3,00;-7,41;8,41;0,00;;;5.001,00;-6,23;-0,19
MAPT4;45,00;;-237,65;-7,22;53,49;;;;-240,41;-253,65;0,00;;;-10.337,57;-53,49;0,00;-3,04;-22,51;3,00;-7,41;8,41;0,00;;;61.895,09;-6,23;-0,19
MDIA3;35,11;0,71;14,52;1,83;1,23;34,96;11,29;11,31;14,55;14,95;0,40;0,05;1,64;6,70;-2,09;1,80;12,60;8,47;9,31;0,67;0,33;0,75;5,91;-1,46;36.858.739,50;19,18;2,42
MDNE3;11,60;;-7,09;0,98;0,47;25,64;-16,12;-33,09;-14,56;-16,28;-1,72;0,12;2,35;1,80;-0,86;2,33;-13,86;-6,59;-6,31;0,48;0,53;0,20;-13,69;;2.757.286,88;11,80;-1,64
MEAL3;4,87;;-3,04;1,11;0,52;25,41;-42,12;-37,35;-2,69;-2,77;-0,07;0,03;1,13;4,46;-0,71;1,76;-36,63;-17,11;-34,91;0,47;0,53;0,46;29,56;;59.297.392,24;4,38;-1,60
MELK3;7,78;;31,69;1,40;0,82;25,04;11,13;8,80;25,06;15,84;-9,22;-0,51;2,79;1,54;-5,19;2,72;4,41;2,58;3,54;0,59;0,40;0,29;;;3.665.164,21;5,57;0,25
MERC3;30,80;0,40;53,46;2,23;1,85;76,09;23,24;17,05;39,23;28,82;;;9,12;6,45;-2,90;4,73;4,16;3,46;;0,83;0,17;0,20;-19,89;58,90;32.326,69;13,83;0,58
MERC4;12,00;4,12;20,83;0,87;0,72;76,09;23,24;17,05;15,29;28,82;;;3,55;2,51;-1,13;4,73;4,16;3,46;;0,83;0,17;0,20;-19,89;58,90;27.134,05;13,83;0,58
MGEL3;0,00;;0,00;0,00;0,00;15,80;8,07;-20,64;0,00;16,20;15,44;;0,00;0,00;0,00;2,01;-22,28;-25,84;13,88;-1,16;2,16;1,25;4,34;;;-83,32;-18,56
MGEL4;8,66;;-0,47;-0,10;0,12;15,80;8,07;-20,64;1,19;16,20;15,44;;0,10;0,38;-0,33;2,01;-22,28;-25,84;13,88;-1,16;2,16;1,25;4,34;;163.677,39;-83,32;-18,56
MGLU3;24,52;0,13;468,38;21,60;7,30;26,91;3,46;1,33;180,49;179,08;-1,40;-0,17;6,25;43,83;-21,36;1,34;4,61;1,56;9,06;0,34;0,66;1,17;15,25;48,29;1.008.463.403,41;1,14;0,05
MILS3;6,66;;-111,46;1,53;1,20;38,10;-1,30;-3,03;-258,87;-245,78;13,09;-0,08;3,38;5,52;-1,73;3,53;-1,37;-1,08;-0,78;0,78;0,22;0,36;-11,16;;9.384.568,65;4,35;-0,06
MMAQ3;0,00;;0,00;0,00;0,00;8,02;7,66;6,49;0,00;-1,69;-1,72;-0,37;0,00;0,00;0,00;2,76;18,05;12,48;15,89;0,69;0,31;1,92;11,72;15,69;;3.787,00;683,70
MMAQ4;49,73;328,32;0,07;0,01;0,01;8,02;7,66;6,49;0,06;-1,69;-1,72;-0,37;0,00;0,02;-0,05;2,76;18,05;12,48;15,89;0,69;0,31;1,92;11,72;15,69;725.004,38;3.787,00;683,70
MMXM3;17,45;;-0,99;-0,14;0,88;-2,34;-4.304,30;-44.701,56;-10,27;-34,50;-24,23;;442,26;-0,13;-1,05;0,02;-13,73;-88,53;2,71;-6,45;7,46;0,00;-67,19;;12.480.899,74;-128,50;-17,64
MNDL3;24,55;;-3,84;-0,39;0,06;33,48;8,96;-3,26;1,40;4,73;3,33;;0,13;-0,09;-0,08;0,30;-10,16;-1,49;-520,81;-0,15;1,15;0,46;5,04;;39.003,07;-62,96;-6,40
MNPR3;6,47;;-3,21;-0,12;0,19;29,39;14,00;-5,83;1,33;1,34;0,01;;0,19;-0,12;-0,34;0,21;-3,89;-6,02;-9,28;-1,55;2,55;1,03;4,71;;162.664,82;-51,89;-2,02
MOAR3;208,99;2,73;-33,94;2,88;1,75;0,39;-120,05;-68,06;-19,24;-17,46;1,79;-0,27;23,10;5,66;-2,99;3,95;-8,48;-5,16;-16,50;0,61;0,39;0,08;-25,48;-11,37;157.773,96;72,63;-6,16
MOVI3;20,21;0,66;630,34;2,72;0,78;21,71;3,86;0,23;37,21;50,65;13,44;0,98;1,44;1.007,20;-1,11;1,00;0,43;0,12;2,43;0,29;0,71;0,54;133,51;116,71;50.078.224,59;7,42;0,03
MRFG3;14,63;;4,82;10,79;0,27;17,44;11,60;3,40;1,41;3,83;2,42;18,42;0,16;2,05;-0,48;1,44;223,61;5,63;22,16;0,03;0,93;1,66;26,24;;150.827.136,26;1,36;3,03
MRSA3B;38,50;1,75;45,05;3,04;1,24;26,27;21,22;8,76;18,60;19,15;2,38;0,39;3,95;60,78;-1,52;1,12;6,75;2,74;7,45;0,41;0,59;0,31;0,88;5,85;25.524,17;12,67;0,85
MRSA5B;29,68;2,50;34,73;2,34;0,95;26,27;21,22;8,76;14,34;19,15;2,38;0,39;3,04;46,85;-1,17;1,12;6,75;2,74;7,45;0,41;0,59;0,31;0,88;5,85;3.585,33;12,67;0,85
MRSA6B;30,00;2,47;35,10;2,37;0,96;26,27;21,22;8,76;14,49;19,15;2,38;0,39;3,08;47,36;-1,18;1,12;6,75;2,74;7,45;0,41;0,59;0,31;0,88;5,85;5.801,00;12,67;0,85
MRVE3;19,64;1,73;18,74;1,69;0,54;28,45;9,90;7,94;15,02;21,05;6,03;0,68;1,49;1,81;-1,06;2,52;8,99;2,88;4,56;0,32;0,66;0,36;7,66;-0,09;106.309.794,59;11,65;1,05
MSPA3;48,00;;-5,03;0,37;0,22;24,01;-56,68;-59,76;-5,30;-6,01;-0,79;0,05;3,00;4,99;-0,23;2,35;-7,31;-4,31;-6,43;0,59;0,41;0,07;-14,68;;4.810,00;130,66;-9,55
MSPA4;42,10;;-4,41;0,32;0,19;24,01;-56,68;-59,76;-4,65;-6,01;-0,79;0,05;2,63;4,38;-0,21;2,35;-7,31;-4,31;-6,43;0,59;0,41;0,07;-14,68;;16.486,00;130,66;-9,55
MSRO3;702,50;;29.281,89;361,06;80,77;31,00;18,77;0,59;916,57;922,17;5,59;2,20;172,02;-794,36;-108,33;0,71;1,23;0,28;9,66;0,22;0,78;0,47;15,89;-13,57;956.844,67;1,95;0,02
MTIG3;0,00;;0,00;0,00;0,00;11,76;-5,17;9,69;0,00;-12,36;-10,89;2,47;0,00;0,00;0,00;0,72;42,51;8,44;-48,15;0,20;0,80;0,87;10,03;;;115,27;49,00
MTIG4;57,77;;1,18;0,50;0,10;11,76;-5,17;9,69;-2,21;-12,36;-10,89;2,47;0,11;-0,71;-0,15;0,72;42,51;8,44;-48,15;0,20;0,80;0,87;10,03;;22.895,40;115,27;49,00
MTRE3;15,10;;51,01;1,61;1,23;31,86;9,39;8,27;44,92;24,79;-20,13;-0,72;4,22;1,79;-8,48;5,12;3,15;2,42;2,76;0,77;0,23;0,29;;;5.809.351,82;9,40;0,30
MTSA3;34,41;1,99;6,48;1,13;0,82;28,35;18,11;14,67;5,25;4,02;-1,03;-0,22;0,95;1,57;-3,46;3,13;17,38;12,59;11,27;0,72;0,28;0,86;4,06;-2,01;7.000,00;30,54;5,31
MTSA4;31,97;2,37;6,02;1,05;0,76;28,35;18,11;14,67;4,88;4,02;-1,03;-0,22;0,88;1,46;-3,21;3,13;17,38;12,59;11,27;0,72;0,28;0,86;4,06;-2,01;153.666,18;30,54;5,31
MULT3;24,37;0,62;15,26;2,28;1,31;78,32;108,39;83,71;11,78;13,15;1,37;0,27;12,77;9,71;-1,69;2,55;14,97;8,62;10,63;0,58;0,42;0,10;3,23;4,98;160.662.831,12;10,67;1,60
MWET3;45,00;;-3,53;-0,41;0,51;12,18;-4,98;-18,23;-12,92;-15,87;-10,28;;0,64;-0,71;-0,70;0,27;-11,67;-14,39;5,38;-1,23;2,24;0,79;-1,75;;7.701,17;-109,16;-12,74
MWET4;6,70;;-0,53;-0,06;0,08;12,18;-4,98;-18,23;-1,92;-15,87;-10,28;;0,10;-0,11;-0,10;0,27;-11,67;-14,39;5,38;-1,23;2,24;0,79;-1,75;;121.273,50;-109,16;-12,74
MYPK3;14,57;4,56;-6,93;0,58;0,17;6,44;-0,86;-3,91;-31,56;-84,25;-52,69;0,97;0,27;3,83;-0,29;1,12;-8,41;-2,48;-0,76;0,30;0,68;0,63;11,12;28,99;26.234.016,00;24,97;-2,10
NAFG3;64,37;;11,80;2,76;1,15;41,15;16,49;9,34;6,68;5,06;1,17;0,48;1,10;3,20;-2,87;2,52;23,42;9,77;15,89;0,42;0,58;1,05;7,87;33,76;9.648,50;23,30;5,46
NAFG4;19,02;;3,49;0,82;0,34;41,15;16,49;9,34;1,97;5,06;1,17;0,48;0,33;0,94;-0,85;2,52;23,42;9,77;15,89;0,42;0,58;1,05;7,87;33,76;115.738.599,33;23,30;5,46
NEMO3;0,00;;0,00;0,00;0,00;32,56;22,33;-14,35;0,00;10,45;10,45;165,18;0,00;0,00;0,00;1,50;-1.015,74;-4,01;-2,56;0,00;0,99;0,28;29,06;;;2,41;-24,49
NEMO5;52,97;0,06;-2,16;21,97;0,09;32,56;22,33;-14,35;1,39;10,45;10,45;165,18;0,31;1,49;-0,11;1,50;-1.015,74;-4,01;-2,56;0,00;0,99;0,28;29,06;;295.561,82;2,41;-24,49
NEMO6;0,00;;0,00;0,00;0,00;32,56;22,33;-14,35;0,00;10,45;10,45;165,18;0,00;0,00;0,00;1,50;-1.015,74;-4,01;-2,56;0,00;0,99;0,28;29,06;;;2,41;-24,49
NEOE3;17,27;2,37;8,62;1,00;0,34;23,37;15,06;8,40;4,81;9,57;4,77;1,00;0,72;6,77;-0,44;1,26;11,66;3,90;7,46;0,33;0,66;0,46;18,25;24,34;60.508.369,76;17,19;2,00
NGRD3;4,67;;93,28;8,12;3,32;66,82;16,13;5,79;33,47;35,92;2,45;0,59;5,40;97,18;-4,59;1,14;8,71;3,56;10,07;0,41;0,59;0,62;;;53.011.375,00;0,57;0,05
NORD3;6,41;;126,70;-0,30;2,49;91,85;200,19;21,18;13,40;25,10;11,70;;26,83;-0,88;-2,66;0,02;-0,24;1,96;-3,09;-8,20;9,20;0,09;;;27.174,22;-21,13;0,05
NRTQ3;0,00;;0,00;0,00;0,00;30,20;18,39;11,87;0,00;-0,72;-0,72;-0,18;0,00;0,00;0,00;2,80;15,62;10,75;16,43;0,69;0,31;0,91;8,13;4,81;;12,63;1,97
NTCO3;51,18;;-87,39;2,86;1,09;65,37;2,73;-2,72;87,17;102,73;15,57;0,51;2,38;29,54;-1,56;1,14;-3,27;-1,25;1,11;0,38;0,62;0,46;14,29;-26,83;341.870.185,91;17,89;-0,59
NUTR3;225,00;;0,70;1,78;0,41;21,89;4,60;59,67;9,02;11,29;2,27;0,45;0,41;1,39;-0,97;2,07;256,10;59,42;-36,05;0,23;0,77;1,00;7,39;;70.530,00;126,37;323,63
ODER4;0,00;;0,00;0,00;0,00;33,58;18,68;11,70;0,00;0,89;0,89;0,37;0,00;0,00;0,00;2,04;25,92;12,46;23,83;0,48;0,52;1,07;3,77;27,10;;21,50;5,57
ODPV3;13,52;3,74;20,57;5,96;3,53;59,34;27,80;19,69;14,57;12,83;-1,74;-0,71;4,05;15,77;-7,80;1,69;28,99;17,15;28,00;0,59;0,41;0,87;9,37;7,87;22.881.593,97;2,27;0,66
OFSA3;34,98;0,54;22,69;3,42;1,89;50,53;12,91;11,78;20,70;22,38;1,67;0,28;2,67;5,49;-4,35;2,54;15,07;8,31;10,42;0,55;0,45;0,71;13,61;3,92;643.442,24;10,23;1,54
OGXP3;1,63;;-2,15;-0,98;0,92;;;;-9,26;-9,26;0,00;;;-0,98;;0,51;-45,53;-43,02;10,57;-0,94;1,94;0,00;;;;-1,67;-0,76
OIBR3;2,19;;-0,89;2,18;0,18;21,68;-4,43;-77,15;-15,56;-41,08;-25,38;3,56;0,69;2,16;-0,24;1,50;-243,90;-20,08;-3,51;0,08;0,92;0,26;-6,55;;324.256.317,82;1,00;-2,45
OIBR4;2,94;;-1,20;2,93;0,24;21,68;-4,43;-77,15;-20,89;-41,08;-25,38;3,56;0,93;2,90;-0,32;1,50;-243,90;-20,08;-3,51;0,08;0,92;0,26;-6,55;;33.526.017,68;1,00;-2,45
OMGE3;38,47;;-1.315,66;2.024,81;851,12;33,37;41,96;-1,09;34,27;34,29;0,01;0,77;14,38;4.455,45;-1.115,79;5,14;-153,90;-64,69;2.349,37;0,42;0,57;59,19;54,71;4,35;44.217.098,44;0,02;-0,03
OSXB3;21,05;;-0,13;-0,01;0,03;95,46;-1.867,50;-4.687,45;-0,34;-23,01;-22,67;;6,29;-0,13;-0,03;0,03;-10,24;-24,71;61,12;-2,41;3,42;0,01;-56,03;;6.013.472,79;-1.531,02;-156,78
PARD3;23,07;1,28;23,72;4,25;1,55;26,44;13,76;9,49;16,36;17,25;0,89;0,23;2,25;11,61;-2,59;1,50;17,93;6,53;13,19;0,36;0,64;0,69;14,21;13,42;15.294.191,24;5,42;0,97
PATI3;26,99;0,66;3,92;0,89;0,40;13,68;12,81;10,53;3,22;3,47;0,20;0,06;0,41;0,85;-1,94;2,53;22,80;10,31;9,00;0,45;0,55;0,98;7,35;2,78;26.025,81;30,20;6,89
PATI4;35,10;7,98;5,10;1,16;0,53;13,68;12,81;10,53;4,19;3,47;0,20;0,06;0,54;1,10;-2,52;2,53;22,80;10,31;9,00;0,45;0,55;0,98;7,35;2,78;29.381,81;30,20;6,89
PCAR3;74,30;0,78;31,75;1,52;0,32;21,46;3,57;0,79;7,06;10,63;3,58;0,77;0,25;-9,35;-0,47;0,91;4,80;0,99;7,61;0,21;0,74;1,25;-2,84;-12,00;112.074.218,76;48,78;2,34
PCAR4;72,11;;30,81;1,48;0,31;21,46;3,57;0,79;6,85;10,63;3,58;0,77;0,24;-9,08;-0,46;0,91;4,80;0,99;7,61;0,21;0,74;1,25;-2,84;-12,00;132.993.317,74;48,78;2,34
PDGR3;3,99;;-0,04;-0,01;0,02;13,07;-197,94;-390,22;-0,08;-3,94;-3,86;;0,15;-0,01;-0,08;0,36;-15,08;-45,05;12,14;-2,99;4,02;0,12;-41,16;;158.352,85;-667,99;-100,70
PDTC3;5,25;;59,47;4,32;1,15;37,57;7,26;7,95;65,08;70,32;5,25;0,35;4,73;4,37;-4,12;1,57;7,26;1,93;1,90;0,27;0,73;0,24;;;258.549,00;1,22;0,09
PEAB3;56,50;56,84;1,53;0,76;0,58;27,52;262,91;171,97;1,00;0,16;-0,83;-0,63;2,64;1,08;-2,25;3,57;49,38;37,59;49,21;0,76;0,24;0,22;8,71;26,97;258.211,77;74,62;36,85
PEAB4;55,44;63,72;1,50;0,74;0,57;27,52;262,91;171,97;0,98;0,16;-0,83;-0,63;2,59;1,06;-2,21;3,57;49,38;37,59;49,21;0,76;0,24;0,22;8,71;26,97;251.004,21;74,62;36,85
PETR3;28,62;0,84;-8,37;1,51;0,39;43,27;-1,53;-16,00;-87,78;-174,92;-87,82;1,51;1,34;34,13;-0,46;1,08;-18,01;-4,62;-3,69;0,26;0,74;0,29;-2,17;;471.630.222,88;18,99;-3,42
PETR4;28,10;1,50;-8,21;1,48;0,38;43,27;-1,53;-16,00;-86,19;-174,92;-87,82;1,51;1,31;33,51;-0,45;1,08;-18,01;-4,62;-3,69;0,26;0,74;0,29;-2,17;;1.815.940.860,97;18,99;-3,42
PETZ3;18,74;;147,09;13,81;3,80;48,82;9,88;3,73;55,47;55,37;-0,11;-0,03;5,48;21,10;-7,50;1,57;9,39;2,58;9,70;0,28;0,72;0,69;;;74.706.579,03;1,36;0,13
PFRM3;5,37;;42,39;0,65;0,18;14,27;1,32;0,30;9,66;12,60;2,94;0,20;0,13;0,77;-0,56;1,53;1,54;0,43;2,94;0,28;0,62;1,42;6,84;;3.696.676,97;8,23;0,13
PGMN3;8,45;;57,83;2,05;0,66;30,99;4,48;0,97;12,53;13,53;1,00;0,16;0,56;3,10;-1,45;1,65;3,54;1,14;9,98;0,32;0,68;1,18;;;3.303.193,38;4,12;0,15
PINE3;0,00;;0,00;0,00;0,00;33,55;-20,12;-3,24;0,00;-0,96;;;0,00;0,00;0,00;0,60;-3,87;-0,26;;0,07;0,93;0,08;-1,08;;;5,50;-0,21
PINE4;2,58;;-12,13;0,47;0,03;33,55;-20,12;-3,24;-1,95;-0,96;;;0,39;-0,20;-0,04;0,60;-3,87;-0,26;;0,07;0,93;0,08;-1,08;;1.079.961,29;5,50;-0,21
PLAS3;5,39;;3,39;-0,39;0,12;2,04;-3,83;5,66;-5,00;-16,17;-11,17;;0,19;-0,46;-0,15;0,45;-11,48;3,40;380,03;-0,30;1,30;0,60;-9,15;;27.786,71;-13,87;1,59
PLPL3;8,07;;9,96;7,69;1,72;36,86;16,32;13,22;8,07;8,44;0,37;0,36;1,32;2,13;-44,26;6,26;77,18;17,26;30,28;0,22;0,78;1,31;;;3.414.389,21;1,05;0,81
PMAM3;10,08;;-0,35;-1,22;0,11;0,43;-7,69;-31,06;-1,42;-11,03;-9,61;;0,11;-0,19;-0,20;0,46;-347,35;-29,98;-18,20;-0,09;1,09;0,97;2,00;;4.515.113,06;-8,24;-28,60
PNVL3;20,95;0,44;56,53;3,16;1,46;28,21;3,24;1,95;34,15;35,35;1,52;0,14;1,10;4,18;-4,29;2,12;5,59;2,58;5,35;0,46;0,54;1,32;7,62;9,23;19.725.943,06;6,63;0,37
PNVL4;18,75;0,54;50,60;2,83;1,31;28,21;3,24;1,95;30,56;35,35;1,52;0,14;0,99;3,74;-3,84;2,12;5,59;2,58;5,35;0,46;0,54;1,32;7,62;9,23;723.342,91;6,63;0,37
POMO3;2,73;2,67;76,23;1,05;0,43;16,23;3,51;0,91;19,64;29,62;9,15;0,49;0,69;1,91;-0,93;1,70;1,38;0,56;2,17;0,41;0,58;0,62;4,88;-1,10;666.947,59;2,60;0,04
POMO4;2,91;2,51;81,25;1,12;0,45;16,23;3,51;0,91;20,93;29,62;9,15;0,49;0,74;2,04;-0,99;1,70;1,38;0,56;2,17;0,41;0,58;0,62;4,88;-1,10;24.983.096,68;2,60;0,04
POSI3;5,14;0,62;15,31;0,78;0,28;20,40;3,72;2,55;10,47;13,90;3,43;0,26;0,39;0,96;-1,49;1,58;5,11;1,86;3,32;0,36;0,63;0,73;-3,86;-2,17;11.203.926,91;6,57;0,34
PPAR3;250.020,00;;-176.204,57;441,20;317,71;;;;-110.787,31;-110.773,07;14,23;-0,06;;7.463,28;-331,90;248,90;-0,25;-0,18;-0,40;0,72;0,28;0,00;;12,45;;566,68;-1,42
PPLA11;10,95;;-209,66;7.705,15;10,80;;;;-209,66;-209,66;;;;-10,82;-10,80;0,00;-3.675,00;-5,15;;0,00;1,00;0,00;;;44.849,41;0,00;-0,05
PRIO3;56,75;;18,98;3,23;1,16;28,38;58,54;27,34;8,87;11,41;2,54;0,93;5,19;-20,54;-1,52;0,81;17,02;6,13;16,61;0,36;0,64;0,22;27,56;;320.756.318,79;17,57;2,99
PRNR3;8,96;;-16,92;1,65;1,06;11,33;-0,68;-7,83;-194,12;-158,21;35,91;-0,30;1,33;2,25;-3,27;3,26;-9,73;-6,25;-6,06;0,64;0,36;0,80;;;1.413.241,88;5,44;-0,53
PSSA3;49,30;4,34;9,66;1,80;0,46;100,00;9,14;9,04;9,56;1,60;-7,95;-1,49;0,87;2,16;-1,93;1,39;18,59;4,78;8,58;0,26;0,74;0,53;4,76;9,50;106.900.930,91;27,45;5,10
PTBL3;7,09;0,56;10,96;2,67;0,56;32,60;6,02;8,32;15,15;21,37;6,21;1,09;0,91;9,10;-0,99;1,16;24,31;5,07;1,18;0,21;0,79;0,61;3,26;-32,43;25.576.155,56;2,66;0,65
PTCA11;0,00;;0,00;0,00;0,00;42,89;6,81;4,81;0,00;;2,54;0,46;0,00;0,00;0,00;1,63;12,79;4,38;7,20;0,34;0,66;0,91;;;;12,39;1,58
PTCA3;0,00;;0,00;0,00;0,00;42,89;6,81;4,81;0,00;;2,54;0,46;0,00;0,00;0,00;1,63;12,79;4,38;7,20;0,34;0,66;0,91;;;;12,39;1,58
PTNT3;5,68;;66,97;0,90;0,39;11,92;2,77;0,80;19,39;26,00;8,14;0,38;0,54;4,34;-0,74;1,24;1,35;0,58;1,66;0,43;0,57;0,72;1,60;-29,08;175.857,06;6,30;0,08
PTNT4;5,01;;59,07;0,80;0,34;11,92;2,77;0,80;17,10;26,00;8,14;0,38;0,47;3,83;-0,65;1,24;1,35;0,58;1,66;0,43;0,57;0,72;1,60;-29,08;150.076,62;6,30;0,08
QUAL3;34,50;0,50;24,91;5,52;2,52;81,03;29,11;19,36;16,56;17,16;0,60;0,20;4,82;10,98;-4,20;2,36;22,17;10,14;14,80;0,46;0,54;0,52;6,05;22,49;99.678.469,41;6,25;1,39
QUSW3;0,00;;0,00;0,00;0,00;27,64;13,10;5,07;0,00;0,54;0,54;0,19;0,00;0,00;0,00;1,41;13,45;5,76;13,94;0,43;0,57;1,14;27,25;9,12;;56,30;7,57
QVQP3B;0,00;;0,00;0,00;0,00;;;;0,00;1,22;1,22;-0,98;;0,00;;;-78,05;-78,05;-79,88;1,00;0,00;0,00;;;;0,00;0,00
RADL3;25,53;0,51;103,20;10,11;3,23;29,37;4,54;2,12;48,09;49,38;1,29;0,27;2,19;19,45;-6,31;1,52;9,79;3,13;13,34;0,32;0,68;1,48;18,90;28,93;153.081.510,18;2,53;0,25
RAIL3;19,38;;72,40;2,40;0,77;34,71;29,73;7,12;17,34;23,42;6,07;0,84;5,16;5,00;-1,03;2,64;3,31;1,06;5,47;0,32;0,67;0,15;14,09;;226.334.407,50;8,09;0,27
RANI3;5,22;1,32;23,42;1,74;0,73;32,75;18,31;6,20;7,93;9,49;1,56;0,34;1,45;2,77;-1,27;2,72;7,45;3,14;8,72;0,42;0,58;0,51;4,01;;10.535.276,50;2,99;0,22
RANI4;5,50;1,25;24,67;1,84;0,77;32,75;18,31;6,20;8,36;9,49;1,56;0,34;1,53;2,91;-1,33;2,72;7,45;3,14;8,72;0,42;0,58;0,51;4,01;;215.860,34;2,99;0,22
RAPT3;11,90;0,77;18,11;2,36;0,52;24,01;10,37;4,63;8,09;12,86;2,81;0,82;0,84;1,65;-1,29;2,12;13,03;2,87;5,88;0,22;0,71;0,62;6,15;4,06;176.883,62;5,04;0,66
RAPT4;16,24;0,56;24,72;3,22;0,71;24,01;10,37;4,63;11,04;12,86;2,81;0,82;1,15;2,25;-1,76;2,12;13,03;2,87;5,88;0,22;0,71;0,62;6,15;4,06;60.266.720,76;5,04;0,66
RCSL3;8,58;;-290,30;-9,66;15,86;21,65;2,09;-9,61;1.335,86;616,69;-2,82;;27,88;-57,98;-26,53;0,60;-3,33;-5,46;-0,72;-1,64;2,65;0,57;55,45;;4.568.779,38;-0,89;-0,03
RCSL4;1,66;;-56,17;-1,87;3,07;21,65;2,09;-9,61;258,45;616,69;-2,82;;5,39;-11,22;-5,13;0,60;-3,33;-5,46;-0,72;-1,64;2,65;0,57;55,45;;14.841.756,44;-0,89;-0,03
RDNI3;11,29;0,08;98,44;0,82;0,32;26,54;11,61;1,40;11,89;20,39;8,50;0,58;1,38;1,76;-0,53;1,83;0,83;0,32;2,91;0,39;0,61;0,23;-14,86;-56,14;544.976,12;13,83;0,11
RDOR3;68,31;;2.245,29;26,54;3,65;14,41;6,68;0,61;205,46;229,32;23,86;3,08;13,73;13,34;-5,91;3,50;1,18;0,16;2,15;0,14;0,86;0,27;;;495.636.525,86;2,57;0,03
REDE3;10,70;0,87;33,28;5,82;1,08;21,11;14,98;6,31;14,02;17,48;3,46;1,44;2,10;9,65;-1,65;1,49;17,50;3,26;9,25;0,19;0,74;0,52;17,93;-10,54;18.586,31;1,84;0,32
RENT3;66,71;0,52;57,84;8,84;2,55;25,68;15,49;8,64;32,26;36,53;4,27;1,17;5,00;15,58;-3,63;2,22;15,28;4,40;7,69;0,29;0,71;0,51;21,24;15,22;308.675.775,74;7,55;1,15
RLOG3;18,12;;64,98;3,35;0,18;34,71;29,67;1,85;4,06;10,98;6,92;5,71;1,20;1,17;-0,24;2,64;5,15;0,28;5,46;0,05;0,71;0,15;50,58;42,36;18.134.493,50;5,41;0,28
RNEW11;18,76;;-0,56;-0,19;0,11;53,11;-144,55;-772,80;-3,02;-21,60;-18,59;;4,36;-0,08;-0,12;0,04;-34,21;-19,91;-26,76;-0,58;1,58;0,03;-20,17;;2.610.499,09;-97,15;-33,23
RNEW3;6,00;;-0,54;-0,19;0,11;53,11;-144,55;-772,80;-2,90;-21,60;-18,59;;4,19;-0,08;-0,11;0,04;-34,21;-19,91;-26,76;-0,58;1,58;0,03;-20,17;;496.947,44;-32,38;-11,08
RNEW4;6,42;;-0,58;-0,20;0,12;53,11;-144,55;-772,80;-3,10;-21,60;-18,59;;4,48;-0,08;-0,12;0,04;-34,21;-19,91;-26,76;-0,58;1,58;0,03;-20,17;;548.531,94;-32,38;-11,08
ROMI3;13,20;20,08;9,03;1,20;0,59;29,83;8,10;12,71;14,18;17,96;3,78;0,32;1,15;2,54;-1,40;1,68;13,31;6,57;4,71;0,49;0,51;0,52;3,37;76,10;13.755.107,56;10,98;1,46
RPAD3;6,23;0,01;12,81;0,51;0,50;94,59;27.677,70;27.829,73;12,88;12,59;-0,18;-0,01;3.564,67;-120,56;-0,51;0,66;3,98;3,93;3,96;0,99;0,01;0,00;4,29;4,48;22.218,32;12,23;0,49
RPAD5;9,20;5,72;18,92;0,75;0,74;94,59;27.677,70;27.829,73;19,02;12,59;-0,18;-0,01;5.264,03;-178,03;-0,75;0,66;3,98;3,93;3,96;0,99;0,01;0,00;4,29;4,48;13.624,94;12,23;0,49
RPAD6;6,11;0,01;12,56;0,50;0,49;94,59;27.677,70;27.829,73;12,63;12,59;-0,18;-0,01;3.496,00;-118,24;-0,50;0,66;3,98;3,93;3,96;0,99;0,01;0,00;4,29;4,48;13.644,56;12,23;0,49
RPMG3;2,89;;-0,56;-0,06;0,07;-2,04;-20,29;-24,08;-0,66;-0,66;0,00;;0,13;-0,07;-0,85;0,50;-11,38;-11,71;9,59;-1,03;2,03;0,49;37,84;;280.372,50;-45,46;-5,17
RRRP3;34,05;;-82,06;16,41;8,94;53,35;-11,71;-119,94;-840,81;-836,51;4,30;-0,08;98,43;148,09;-9,60;8,38;-19,99;-10,89;-4,23;0,54;0,46;0,09;;;8.551.132,37;2,08;-0,41
RSID3;6,41;;-0,89;-0,15;0,06;10,78;-447,43;-244,98;-0,49;-6,40;-5,91;;2,19;-0,10;-0,10;0,38;-16,87;-6,72;-36,09;-0,40;1,41;0,03;-48,12;;582.546,24;-42,52;-7,17
RSUL3;0,00;;0,00;0,00;0,00;35,90;21,35;13,92;0,00;1,63;0,23;0,48;0,00;0,00;0,00;0,62;133,22;10,72;95,41;0,08;0,92;0,77;4,32;19,67;;31,45;41,90
RSUL4;218,50;;5,21;6,95;0,56;35,90;21,35;13,92;3,40;1,63;0,23;0,48;0,73;-2,74;-0,83;0,62;133,22;10,72;95,41;0,08;0,92;0,77;4,32;19,67;43.700,00;31,45;41,90
SANB11;43,84;6,40;10,84;1,59;0,18;67,95;7,44;23,15;33,74;33,74;;;2,51;-2,92;-0,19;0,25;14,65;1,70;;0,12;0,88;0,07;4,33;23,85;141.388.427,65;27,60;4,04
SANB3;20,97;6,37;10,37;1,52;0,18;67,95;7,44;23,15;32,28;33,74;;;2,40;-2,79;-0,18;0,25;14,65;1,70;;0,12;0,88;0,07;4,33;23,85;2.667.377,21;13,80;2,02
SANB4;22,08;6,66;10,92;1,60;0,19;67,95;7,44;23,15;33,99;33,74;;;2,53;-2,94;-0,19;0,25;14,65;1,70;;0,12;0,88;0,07;4,33;23,85;4.290.152,97;13,80;2,02
SAPR11;26,68;3,85;7,39;1,21;0,61;60,30;33,91;22,26;4,85;6,48;1,62;0,41;1,64;30,77;-0,71;1,17;16,40;8,32;12,40;0,51;0,49;0,37;12,53;20,70;54.796.785,59;22,02;3,61
SAPR3;5,71;3,33;7,91;1,30;0,66;60,30;33,91;22,26;5,19;6,48;1,62;0,41;1,76;32,93;-0,76;1,17;16,40;8,32;12,40;0,51;0,49;0,37;12,53;20,70;1.452.771,68;4,40;0,72
SAPR4;5,22;4,01;7,23;1,19;0,60;60,30;33,91;22,26;4,75;6,48;1,62;0,41;1,61;30,10;-0,70;1,17;16,40;8,32;12,40;0,51;0,49;0,37;12,53;20,70;16.796.915,41;4,40;0,72
SBSP3;43,94;3,13;25,05;1,38;0,63;37,31;24,92;6,81;6,84;9,91;3,06;0,62;1,71;97,68;-0,69;1,07;5,53;2,51;11,31;0,45;0,55;0,37;9,91;30,11;173.877.384,06;31,74;1,75
SCAR3;41,80;0,90;28,23;1,56;0,76;72,95;57,01;21,61;10,70;15,09;4,39;0,64;6,10;6,47;-0,96;2,21;5,51;2,68;5,81;0,49;0,51;0,12;4,05;-6,45;542.006,38;26,85;1,48
SEDU3;23,80;;-13,36;15,00;1,53;48,36;-15,73;-25,77;-21,89;-27,94;-6,05;4,15;3,44;57,90;-2,27;1,09;-112,29;-11,46;-13,15;0,10;0,90;0,44;12,49;;;1,59;-1,78
SEER3;15,73;1,31;49,46;1,52;0,69;53,37;14,78;3,22;10,78;10,27;-0,51;-0,07;1,59;2,75;-1,10;3,13;3,07;1,40;9,33;0,45;0,55;0,43;12,60;-8,61;15.912.754,62;10,35;0,32
SEQL3;20,95;;-565,61;36,52;2,92;21,39;5,00;-0,57;64,94;74,18;9,25;5,20;3,24;34,42;-5,09;1,25;-6,46;-0,52;6,67;0,08;0,92;0,90;;;8.823.730,68;0,57;-0,04
SGPS3;7,55;;-1,16;0,33;0,12;33,88;-1,79;-23,67;-15,30;-45,74;-30,44;0,66;0,27;1,72;-0,19;1,22;-28,67;-10,40;-4,44;0,36;0,64;0,44;-7,42;;1.181.644,94;22,76;-6,53
SHOW3;4,93;;-5,80;1,31;0,54;13,22;-30,43;-46,23;-8,81;-7,46;1,35;-0,20;2,68;2,94;-1,28;1,45;-22,54;-9,23;-9,66;0,41;0,59;0,20;-6,57;;3.922.121,88;3,77;-0,85
SHUL3;0,00;;0,00;0,00;0,00;23,57;9,70;8,47;0,00;9,70;2,19;0,30;0,00;0,00;0,00;2,11;11,93;4,84;6,62;0,41;0,59;0,57;7,65;12,44;;7,61;0,91
SHUL4;13,64;1,77;15,02;1,79;0,73;23,57;9,70;8,47;13,11;9,70;2,19;0,30;1,27;2,16;-2,02;2,11;11,93;4,84;6,62;0,41;0,59;0,57;7,65;12,44;3.029.882,06;7,61;0,91
SIMH3;30,25;0,81;22,78;3,49;0,27;20,58;8,92;2,80;7,14;16,85;9,71;4,74;0,64;0,94;-0,52;2,60;15,32;1,20;3,58;0,08;0,87;0,43;11,83;34,48;11.130.434,15;8,67;1,33
SLCE3;26,68;3,70;13,04;1,87;0,65;26,09;19,05;10,93;7,48;9,50;2,02;0,51;1,43;4,36;-1,21;1,47;14,35;4,98;10,02;0,35;0,63;0,46;15,19;35,04;27.113.329,53;14,26;2,05
SLED3;1,21;;-0,19;-0,22;0,17;29,89;-102,42;-114,29;-0,21;-0,82;-0,68;;0,21;-1,31;-0,25;0,70;-119,84;-93,74;663,74;-0,78;1,78;0,82;-18,14;;1.766.469,62;-5,45;-6,53
SLED4;0,63;;-0,10;-0,12;0,09;29,89;-102,42;-114,29;-0,11;-0,82;-0,68;;0,11;-0,68;-0,13;0,70;-119,84;-93,74;663,74;-0,78;1,78;0,82;-18,14;;2.286.258,00;-5,45;-6,53
SMFT3;0,00;;0,00;0,00;0,00;13,76;-31,39;-52,03;0,00;-3,95;-3,95;0,87;0,00;0,00;0,00;0,96;-36,54;-9,49;-9,90;0,26;0,74;0,18;;;;97,93;-35,79
SMLS3;22,60;6,81;9,82;2,14;0,84;85,53;56,42;46,45;8,09;6,63;-1,46;-0,39;4,56;5,25;-2,23;1,35;21,76;8,55;15,32;0,39;0,61;0,18;;;36.603.261,21;10,57;2,30
SMTO3;26,05;2,08;9,88;2,76;0,76;34,02;42,69;22,67;5,25;7,85;2,60;1,36;2,24;5,27;-1,07;2,01;27,88;7,70;14,89;0,28;0,72;0,34;14,03;17,25;28.133.483,65;9,45;2,64
SNSY3;27,89;;-1,50;-0,16;0,56;14,01;-12,35;-30,72;-3,74;-3,63;-1,78;;0,46;-1,30;-1,21;0,55;-10,75;-37,42;4,70;-3,48;4,52;1,22;0,60;;69.281,37;-172,53;-18,55
SNSY5;6,45;;-0,35;-0,04;0,13;14,01;-12,35;-30,72;-0,86;-3,63;-1,78;;0,11;-0,30;-0,28;0,55;-10,75;-37,42;4,70;-3,48;4,52;1,22;0,60;;443.423,59;-172,53;-18,55
SNSY6;11,51;;-0,62;-0,07;0,23;14,01;-12,35;-30,72;-1,54;-3,63;-1,78;;0,19;-0,54;-0,50;0,55;-10,75;-37,42;4,70;-3,48;4,52;1,22;0,60;;1.033,67;-172,53;-18,55
SOMA3;13,12;;-87,84;4,11;2,63;61,85;-5,53;-6,26;-99,48;-92,48;7,00;-0,29;5,50;6,05;-8,36;2,74;-4,68;-3,00;-6,80;0,64;0,36;0,48;;;25.090.125,82;3,19;-0,15
SOND3;241,80;0,35;27,81;7,93;5,96;29,07;28,28;33,50;32,94;12,88;-2,15;-0,52;9,32;14,42;-13,32;3,96;28,51;21,43;22,24;0,75;0,25;0,64;-16,58;-15,38;12.256,50;30,50;8,70
SOND5;49,90;1,85;5,74;1,64;1,23;29,07;28,28;33,50;6,80;12,88;-2,15;-0,52;1,92;2,97;-2,75;3,96;28,51;21,43;22,24;0,75;0,25;0,64;-16,58;-15,38;8.214,00;30,50;8,70
SOND6;40,00;2,30;4,60;1,31;0,99;29,07;28,28;33,50;5,45;12,88;-2,15;-0,52;1,54;2,38;-2,20;3,96;28,51;21,43;22,24;0,75;0,25;0,64;-16,58;-15,38;28.200,00;30,50;8,70
SPRI3;21,72;;-3,32;2,45;2,36;;;;-3,00;-2,46;0,17;-0,14;;4,61;-4,93;66,47;-73,82;-71,18;-81,66;0,96;0,04;0,00;;;15.718,85;8,86;-6,54
SPRI5;8,52;;-1,30;0,96;0,93;;;;-1,18;-2,46;0,17;-0,14;;1,81;-1,93;66,47;-73,82;-71,18;-81,66;0,96;0,04;0,00;;;3.405,00;8,86;-6,54
SPRI6;11,00;;-1,68;1,24;1,20;;;;-1,52;-2,46;0,17;-0,14;;2,34;-2,49;66,47;-73,82;-71,18;-81,66;0,96;0,04;0,00;;;13.263,91;8,86;-6,54
SPRT3B;76,40;;-2.717,50;-2.795,73;34.713,49;;;;-2.958,01;-2.958,01;0,00;;;-2.588,38;-34.899,85;0,00;-102,88;-1.277,40;94,51;-12,42;13,42;0,00;;;59.173,00;-0,03;-0,03
SQIA3;22,20;;759,55;3,61;2,56;33,93;0,72;1,04;1.098,31;916,59;-181,72;-0,60;7,87;5,19;-6,47;5,49;0,48;0,34;0,22;0,71;0,29;0,33;19,79;;13.060.721,06;6,15;0,03
STBP3;5,33;0,33;-259,91;2,21;1,09;22,65;5,92;-1,97;86,41;74,10;-12,31;-0,31;5,11;4,69;-1,55;4,39;-0,85;-0,42;1,88;0,49;0,51;0,21;-0,62;-30,01;28.642.864,97;2,42;-0,02
STKF3;0,00;;0,00;0,00;0,00;48,18;27,19;12,90;0,00;3,26;3,26;0,30;0,00;0,00;0,00;1,13;4,38;2,50;5,52;0,57;0,43;0,19;15,38;;;6,27;0,27
STTR3;0,00;;0,00;0,00;0,00;30,88;10,84;10,83;0,00;-0,50;-0,50;-0,10;0,00;0,00;0,00;2,98;19,44;11,32;13,57;0,58;0,42;1,04;9,75;31,06;;2,10;0,41
SULA11;44,04;4,19;6,41;2,05;0,63;15,27;6,74;13,30;12,64;1,60;-11,05;-1,79;0,85;1,61;-2,06;2,29;31,98;9,79;8,84;0,31;0,69;0,74;9,98;16,00;115.184.985,62;21,48;6,87
SULA3;17,30;3,55;7,56;2,42;0,74;15,27;6,74;13,30;14,90;1,60;-11,05;-1,79;1,01;1,89;-2,42;2,29;31,98;9,79;8,84;0,31;0,69;0,74;9,98;16,00;186.774,29;7,16;2,29
SULA4;13,44;4,57;5,87;1,88;0,57;15,27;6,74;13,30;11,58;1,60;-11,05;-1,79;0,78;1,47;-1,88;2,29;31,98;9,79;8,84;0,31;0,69;0,74;9,98;16,00;285.245,82;7,16;2,29
SUZB3;56,43;;-4,97;57,55;0,73;32,56;22,36;-52,45;11,65;22,09;10,45;51,63;2,60;12,59;-0,88;1,49;-1.159,11;-14,67;-2,57;0,01;0,99;0,28;29,06;;500.027.694,41;0,98;-11,36
TAEE11;33,05;9,72;7,07;1,97;0,82;65,65;81,06;57,25;4,99;7,11;2,12;0,84;4,05;4,68;-1,08;3,63;27,94;11,62;15,88;0,42;0,58;0,20;3,71;2,07;111.821.298,12;16,74;4,68
TAEE3;11,20;9,56;7,18;2,01;0,83;65,65;81,06;57,25;5,07;7,11;2,12;0,84;4,11;4,76;-1,10;3,63;27,94;11,62;15,88;0,42;0,58;0,20;3,71;2,07;968.671,65;5,58;1,56
TAEE4;11,21;9,55;7,19;2,01;0,84;65,65;81,06;57,25;5,08;7,11;2,12;0,84;4,12;4,76;-1,10;3,63;27,94;11,62;15,88;0,42;0,58;0,20;3,71;2,07;2.004.649,06;5,58;1,56
TASA3;15,71;;223,17;-5,46;1,08;40,10;19,80;0,42;4,76;7,48;2,82;;0,94;5,06;-3,29;1,47;-2,45;0,48;45,92;-0,20;1,20;1,15;11,06;;4.392.669,32;-2,88;0,07
TASA4;15,04;;213,65;-5,23;1,03;40,10;19,80;0,42;4,55;7,48;2,82;;0,90;4,84;-3,15;1,47;-2,45;0,48;45,92;-0,20;1,20;1,15;11,06;;71.203.126,44;-2,88;0,07
TCNO3;2,40;;31,53;42,94;0,07;;;;-18,78;-53,85;-39,55;90,44;;-0,16;-0,08;0,29;136,22;0,22;-2,50;0,00;1,00;0,00;;;243.474,15;0,06;0,08
TCNO4;1,51;;19,83;27,02;0,04;;;;-11,82;-53,85;-39,55;90,44;;-0,10;-0,05;0,29;136,22;0,22;-2,50;0,00;1,00;0,00;;;273.135,06;0,06;0,08
TCSA3;9,97;;-3,79;0,91;0,43;-4,40;-64,13;-72,15;-4,26;-5,39;-1,13;0,24;2,73;2,81;-0,67;1,79;-24,03;-11,47;-14,28;0,48;0,52;0,16;-25,67;;7.852.467,74;10,95;-2,63
TECN3;1,38;;-1,04;0,35;0,17;44,44;-40,26;-45,23;-1,16;-2,08;-0,92;0,27;0,47;0,49;-0,38;2,67;-33,38;-16,44;-20,67;0,49;0,51;0,36;-5,22;;1.976.117,68;3,99;-1,33
TEKA3;34,30;;-0,15;-0,01;0,02;18,65;-11,29;-89,43;-1,19;-34,53;-33,86;;0,13;-0,01;-0,02;0,03;-6,96;-11,78;1,66;-1,69;2,69;0,13;4,39;;70.735,90;-3.293,09;-229,15
TEKA4;11,98;;-0,05;0,00;0,01;18,65;-11,29;-89,43;-0,41;-34,53;-33,86;;0,05;0,00;-0,01;0,03;-6,96;-11,78;1,66;-1,69;2,69;0,13;4,39;;171.422,72;-3.293,09;-229,15
TELB3;90,00;;214,81;3,84;1,44;-70,12;25,80;11,00;91,59;66,19;-9,12;-0,38;23,63;6,00;-2,05;5,30;1,79;0,67;3,57;0,38;0,62;0,06;6,86;;478.288,97;23,45;0,42
TELB4;31,00;;73,99;1,32;0,50;-70,12;25,80;11,00;31,55;66,19;-9,12;-0,38;8,14;2,07;-0,71;5,30;1,79;0,67;3,57;0,38;0,62;0,06;6,86;;1.380.749,91;23,45;0,42
TEND3;29,97;1,65;15,29;2,11;0,76;31,50;11,97;9,56;12,21;11,23;-0,98;-0,17;1,46;1,56;-2,96;2,93;13,83;4,98;8,24;0,36;0,64;0,52;27,88;;33.670.698,94;14,17;1,96
TESA3;26,60;;-6,69;0,79;0,21;27,84;18,66;-7,27;2,61;7,50;4,89;1,48;0,49;-7,21;-0,31;0,92;-11,82;-3,11;11,02;0,26;0,74;0,43;4,07;;1.723.112,24;33,64;-3,98
TFCO4;12,10;;431,72;421,33;37,10;55,16;15,97;12,18;329,26;327,92;-1,34;-1,72;52,57;692,75;-130,37;1,08;97,59;8,59;37,43;0,09;0,91;0,71;;;1.801.045,41;0,03;0,03
TGMA3;26,96;1,26;20,15;2,87;1,73;20,49;11,28;8,20;14,64;14,75;0,12;0,02;1,65;5,93;-3,42;2,42;14,24;8,56;11,17;0,60;0,40;1,04;-1,32;;13.285.434,65;9,39;1,34
TIET11;16,10;6,54;18,31;4,66;0,77;39,32;43,31;17,49;7,39;10,61;3,22;2,03;3,20;-31,39;-1,09;0,92;25,48;4,21;12,87;0,17;0,83;0,24;-8,55;7,42;25.027.710,91;3,45;0,88
TIET3;3,24;6,50;18,42;4,69;0,78;39,32;43,31;17,49;7,44;10,61;3,22;2,03;3,22;-31,59;-1,09;0,92;25,48;4,21;12,87;0,17;0,83;0,24;-8,55;7,42;801.018,76;0,69;0,18
TIET4;3,25;6,48;18,48;4,71;0,78;39,32;43,31;17,49;7,46;10,61;3,22;2,03;3,23;-31,69;-1,10;0,92;25,48;4,21;12,87;0,17;0,83;0,24;-8,55;7,42;2.158.558,38;0,69;0,18
TIMS3;14,44;3,81;20,20;1,50;0,88;56,08;17,92;10,07;11,36;13,36;2,01;0,27;2,04;11,93;-1,16;1,44;7,44;4,35;8,27;0,58;0,42;0,43;-2,28;18,52;78.205.378,47;9,60;0,71
TKNO3;0,00;;0,00;0,00;0,00;25,95;11,38;5,03;0,00;0,88;-1,95;-0,20;0,00;0,00;0,00;3,78;4,54;3,66;6,82;0,81;0,19;0,73;1,69;16,13;;63,79;2,90
TKNO4;40,18;0,90;13,88;0,63;0,51;25,95;11,38;5,03;6,13;0,88;-1,95;-0,20;0,70;1,22;-1,17;3,78;4,54;3,66;6,82;0,81;0,19;0,73;1,69;16,13;38.546,67;63,79;2,90
TOTS3;28,22;0,67;64,66;6,36;3,32;69,38;13,86;10,15;47,34;44,93;-2,41;-0,32;6,56;21,21;-7,03;1,42;9,83;5,13;9,40;0,52;0,48;0,51;5,18;-4,33;248.450.979,29;4,44;0,44
TOYB3;2,29;;-43,94;-4,97;4,03;24,06;-10,70;-10,96;-45,00;-47,62;-0,63;;4,81;-5,93;-11,89;0,49;-11,31;-9,18;11,93;-0,81;1,81;0,84;-33,11;;;-0,46;-0,05
TOYB4;2,50;;-47,96;-5,43;4,40;24,06;-10,70;-10,96;-49,12;-47,62;-0,63;;5,26;-6,47;-12,98;0,49;-11,31;-9,18;11,93;-0,81;1,81;0,84;-33,11;;;-0,46;-0,05
TPIS3;2,58;;-25,02;0,70;0,13;14,52;0,94;-1,83;48,85;241,68;192,84;2,76;0,46;-0,59;-0,14;0,23;-2,80;-0,51;-2,35;0,18;0,81;0,28;-10,51;;5.963.484,32;3,69;-0,10
TRIS3;12,25;1,75;14,43;1,99;1,18;35,71;21,92;18,83;12,40;12,75;0,35;0,06;2,72;2,41;-3,77;3,48;13,82;8,17;10,70;0,59;0,38;0,43;16,63;31,43;17.997.913,85;6,14;0,85
TRPL3;30,19;5,76;8,72;1,49;0,90;74,35;74,74;53,39;6,23;6,54;0,62;0,15;4,66;6,56;-1,12;3,17;17,11;10,30;14,62;0,60;0,38;0,19;24,55;36,20;124.270,47;20,23;3,46
TRPL4;27,74;6,27;8,01;1,37;0,83;74,35;74,74;53,39;5,73;6,54;0,62;0,15;4,28;6,03;-1,03;3,17;17,11;10,30;14,62;0,60;0,38;0,19;24,55;36,20;45.348.386,50;20,23;3,46
TUPY3;21,58;;-34,67;1,23;0,49;15,56;4,53;-2,18;16,63;22,50;5,87;0,43;0,75;1,68;-1,08;2,11;-3,54;-1,40;3,64;0,40;0,60;0,64;10,64;25,61;30.244.409,50;17,60;-0,62
TXRX3;65,40;;115,87;-0,91;1,46;26,20;-0,73;3,14;-496,54;-610,32;-391,21;;3,64;-1,03;-2,29;0,20;-0,79;1,26;0,77;-1,60;2,60;0,40;3,62;;18.277,42;-71,54;0,56
TXRX4;9,87;;17,49;-0,14;0,22;26,20;-0,73;3,14;-74,94;-610,32;-391,21;;0,55;-0,15;-0,35;0,20;-0,79;1,26;0,77;-1,60;2,60;0,40;3,62;;120.287,44;-71,54;0,56
UCAS3;4,24;12,97;23,58;1,82;1,28;38,29;9,87;8,36;19,99;16,58;-3,41;-0,31;1,97;5,00;-2,62;2,01;7,74;5,44;5,96;0,70;0,30;0,65;-9,32;;394.818,71;2,32;0,18
UGPA3;23,73;1,01;131,75;2,81;0,72;7,02;1,50;0,25;21,61;31,41;9,81;1,27;0,32;3,02;-1,40;1,97;2,13;0,55;2,91;0,26;0,73;2,23;5,68;-20,28;164.547.751,21;8,45;0,18
UNIP3;45,50;2,44;21,29;2,81;0,99;29,04;13,49;5,75;9,07;8,78;-0,37;-0,12;1,22;7,94;-1,63;1,47;13,22;4,66;18,50;0,35;0,65;0,81;31,46;21,32;716.378,82;16,17;2,14
UNIP5;45,00;3,34;21,05;2,78;0,98;29,04;13,49;5,75;8,97;8,78;-0,37;-0,12;1,21;7,85;-1,61;1,47;13,22;4,66;18,50;0,35;0,65;0,81;31,46;21,32;65.433,35;16,17;2,14
UNIP6;46,11;2,65;21,57;2,85;1,00;29,04;13,49;5,75;9,19;8,78;-0,37;-0,12;1,24;8,04;-1,65;1,47;13,22;4,66;18,50;0,35;0,65;0,81;31,46;21,32;11.930.643,35;16,17;2,14
USIM3;15,50;0,25;-29,11;1,43;0,70;13,67;6,98;-4,61;19,21;21,10;2,50;0,19;1,34;2,90;-1,11;2,82;-4,90;-2,39;3,69;0,49;0,45;0,52;4,95;12,56;4.088.353,71;10,88;-0,53
USIM5;14,39;0,30;-27,02;1,32;0,65;13,67;6,98;-4,61;17,83;21,10;2,50;0,19;1,24;2,69;-1,03;2,82;-4,90;-2,39;3,69;0,49;0,45;0,52;4,95;12,56;229.226.488,47;10,88;-0,53
USIM6;11,61;0,37;-21,80;1,07;0,52;13,67;6,98;-4,61;14,39;21,10;2,50;0,19;1,00;2,17;-0,83;2,82;-4,90;-2,39;3,69;0,49;0,45;0,52;4,95;12,56;8.618,60;10,88;-0,53
VALE3;87,80;4,35;29,97;2,38;1,03;46,69;19,07;9,07;14,26;15,34;1,08;0,18;2,72;11,99;-1,32;1,64;7,95;3,43;10,56;0,43;0,58;0,38;12,46;;2.594.908.153,59;36,83;2,93
VIVA3;27,63;0,61;44,66;5,85;3,42;69,98;18,28;14,71;35,92;34,51;-1,40;-0,23;6,57;7,99;-10,59;2,71;13,10;7,65;12,33;0,58;0,42;0,52;;;29.533.400,53;4,72;0,62
VIVR3;1,30;;-0,77;-0,69;0,35;153,94;1.184,85;1.640,24;-1,07;-2,66;-1,59;;;-0,57;-0,65;0,43;-89,79;-45,65;-432,83;-0,51;1,51;-0,03;;;708.875,12;-1,88;-1,69
VIVT3;45,66;7,23;16,25;1,11;0,71;47,91;15,26;10,97;11,69;12,33;0,65;0,06;1,78;35,43;-0,89;1,11;6,80;4,35;6,33;0,64;0,36;0,40;4,81;0,26;75.537.093,47;41,31;2,81
VIVT4;45,34;7,43;16,13;1,10;0,70;47,91;15,26;10,97;11,60;12,33;0,65;0,06;1,77;35,18;-0,88;1,11;6,80;4,35;6,33;0,64;0,36;0,40;4,81;0,26;111.231.163,93;41,31;2,81
VLID3;10,02;;-4,89;0,61;0,23;18,31;-4,08;-7,48;-8,98;-19,77;-10,78;0,73;0,37;1,74;-0,44;1,39;-12,45;-4,71;-3,69;0,38;0,61;0,63;9,15;-13,37;7.428.585,50;16,45;-2,05
VSPT3;0,00;;0,00;0,00;0,00;7,37;-2,31;-9,83;0,00;4,65;4,65;-0,06;0,00;0,00;0,00;0,63;-5,26;-2,82;-2,58;0,54;0,46;0,29;10,01;;;34,93;-1,84
VSPT4;0,00;;0,00;0,00;0,00;7,37;-2,31;-9,83;0,00;4,65;4,65;-0,06;0,00;0,00;0,00;0,63;-5,26;-2,82;-2,58;0,54;0,46;0,29;10,01;;;34,93;-1,84
VULC3;8,04;;89,31;1,84;1,20;33,64;1,69;2,02;107,00;109,16;2,17;0,04;1,81;2,54;-3,52;3,51;2,06;1,34;1,08;0,65;0,35;0,66;5,57;;6.924.470,50;4,36;0,09
VVAR3;16,82;;-144,45;4,77;0,89;32,61;1,88;-0,69;52,89;;11,84;1,07;0,99;11,51;-2,20;1,15;-3,30;-0,62;2,83;0,19;0,81;0,90;2,50;;897.131.717,00;3,53;-0,12
WEGE3;72,87;0,60;72,85;13,75;8,03;30,48;15,41;12,83;60,68;60,04;-0,65;-0,15;9,35;22,97;-20,48;2,35;18,87;11,02;16,49;0,58;0,40;0,86;11,23;11,15;424.758.439,03;5,30;1,00
WHRL3;7,34;16,52;18,10;5,21;1,62;18,64;8,66;6,83;14,27;12,77;-2,02;-0,74;1,24;11,31;-7,12;1,23;28,77;8,93;22,26;0,31;0,69;1,31;-4,33;20,00;133.584,91;1,41;0,41
WHRL4;8,18;16,31;20,17;5,80;1,80;18,64;8,66;6,83;15,91;12,77;-2,02;-0,74;1,38;12,60;-7,93;1,23;28,77;8,93;22,26;0,31;0,69;1,31;-4,33;20,00;386.895,59;1,41;0,41
WIZS3;8,77;7,63;6,57;3,98;1,72;76,51;49,53;28,44;3,77;3,13;-0,64;-0,68;1,87;67,96;-3,10;1,06;60,60;26,13;64,74;0,43;0,56;0,92;19,97;21,33;8.821.848,15;2,20;1,33
WLMM3;19,30;1,66;11,97;1,53;1,22;13,83;7,55;6,33;10,04;10,49;-1,51;-0,23;0,76;3,60;-2,23;3,85;12,81;10,15;12,07;0,79;0,21;1,60;4,61;32,46;11.426,36;12,59;1,61
WLMM4;26,20;1,34;16,25;2,08;1,65;13,83;7,55;6,33;13,63;10,49;-1,51;-0,23;1,03;4,89;-3,03;3,85;12,81;10,15;12,07;0,79;0,21;1,60;4,61;32,46;43.665,50;12,59;1,61
WSON33;46,40;6,37;35,26;1,38;0,58;48,00;19,92;5,42;9,59;15,49;5,90;0,85;1,91;8,25;-0,71;1,61;3,91;1,64;4,48;0,42;0,58;0,30;1,52;4,05;2.483.642,09;33,62;1,32
YDUQ3;33,20;1,54;39,64;3,09;1,09;56,59;15,46;6,94;17,79;22,83;5,04;0,88;2,75;6,72;-1,60;2,04;7,79;2,75;6,80;0,35;0,65;0,40;8,38;12,26;135.459.525,62;10,75;0,84
