TICKER;PRECO;DY;P/L;P/VP;P/ATIVOS;MARGEM BRUTA;MARGEM EBIT;MARG. LIQUIDA;P/EBIT;EV/EBIT;DIVIDA LIQUIDA / EBIT;DIV. LIQ. / PATRI.;PSR;P/CAP. GIRO;P. AT CIR. LIQ.;LIQ. CORRENTE;ROE;ROA;ROIC;PATRIMONIO / ATIVOS;PASSIVOS / ATIVOS;GIRO ATIVOS;CAGR RECEITAS 5 ANOS;CAGR LUCROS 5 ANOS; LIQUIDEZ MEDIA DIARIA; VPA; LPA; PEG Ratio; VALOR DE MERCADO
AAIC;4,80;;16,04;0,62;0,17;100,00;163,58;32,01;3,14;16,37;13,24;2,61;5,13;;-0,17;;3,85;1,04;5,06;0,27;0,73;0,03;-25,44;-20,59;;7,77;0,30;0,02;135.948.960,00
AAT;26,62;5,02;30,35;1,36;0,54;62,62;30,03;12,00;12,13;23,98;11,86;1,33;3,64;;-0,54;;4,48;1,78;4,62;0,40;0,60;0,15;5,92;20,67;;19,58;0,88;5,28;1.621.200.592,00
ABR;15,05;11,43;10,32;0,93;0,20;97,68;446,75;99,27;2,29;10,05;7,76;3,14;10,25;;-0,20;;9,00;1,94;8,93;0,22;0,78;0,02;4,68;26,24;;16,20;1,46;0,45;2.837.660.945,00
ACC;65,42;;154,52;2,95;1,22;51,87;18,95;6,00;48,96;67,23;18,27;1,10;9,28;;-1,22;;1,91;0,79;2,80;0,41;0,58;0,13;3,69;-18,56;;22,18;0,42;0,23;9.124.977.860,00
ACRE;6,47;16,69;-7,25;0,61;0,17;100,00;617,89;-447,40;5,25;25,44;20,20;2,33;32,42;;-0,17;;-8,36;-2,35;3,29;0,28;0,72;0,01;;;;10,68;-0,89;-0,01;352.735.989,00
ADC;73,47;4,06;41,16;1,43;0,92;87,98;50,78;30,81;24,97;33,91;8,93;0,51;12,68;;-0,92;;3,48;2,25;3,73;0,65;0,35;0,07;31,42;23,92;;51,30;1,79;2,77;7.392.882.015,00
AFCG;9,72;18,21;13,23;0,64;0,44;;;;8,65;6,62;-2,02;-0,15;;;-0,44;;4,83;3,32;4,91;0,69;0,31;0,00;;;;15,21;0,73;-0,23;200.884.212,00
AFIN;8,23;;-97,09;0,58;0,28;74,05;20,65;-3,17;14,92;39,26;24,35;0,94;3,08;;-0,28;;-0,59;-0,28;1,93;0,48;0,52;0,09;11,83;;;14,30;-0,08;1,53;1.016.458.495,00
AFINO;25,70;;-303,19;1,80;0,86;74,05;20,65;-3,17;46,58;39,26;24,35;0,94;9,62;;-0,86;;-0,59;-0,28;1,93;0,48;0,52;0,09;11,83;;;14,30;-0,08;4,79;1.016.458.495,00
AFINP;26,01;;-306,85;1,82;0,87;74,05;20,65;-3,17;47,15;39,26;24,35;0,94;9,74;;-0,87;;-0,59;-0,28;1,93;0,48;0,52;0,09;11,83;;;14,30;-0,08;4,85;1.016.458.495,00
AGNC;10,31;13,97;22,85;0,93;0,10;;;;2,60;6,31;3,71;1,33;;;-0,10;;4,08;0,44;14,05;0,11;0,89;0,00;;3,74;;11,06;0,45;0,02;8.067.207.964,00
AGNCM;24,98;4,25;55,37;2,26;0,25;;;;6,31;6,31;3,71;1,33;;;-0,25;;4,08;0,44;14,05;0,11;0,89;0,00;;3,74;;11,06;0,45;0,04;8.067.207.964,00
AGNCN;25,45;5,38;56,41;2,30;0,25;;;;6,43;6,31;3,71;1,33;;;-0,25;;4,08;0,44;14,05;0,11;0,89;0,00;;3,74;;11,06;0,45;0,04;8.067.207.964,00
AGNCO;25,18;3,23;55,81;2,28;0,25;;;;6,36;6,31;3,71;1,33;;;-0,25;;4,08;0,44;14,05;0,11;0,89;0,00;;3,74;;11,06;0,45;0,04;8.067.207.964,00
AGNCP;24,38;3,14;54,04;2,20;0,24;;;;6,16;6,31;3,71;1,33;;;-0,24;;4,08;0,44;14,05;0,11;0,89;0,00;;3,74;;11,06;0,45;0,04;8.067.207.964,00
AHH;10,91;7,42;2.476,57;1,32;0,29;26,89;10,82;0,04;9,31;9,85;0,54;0,08;1,01;;-0,29;;0,05;0,01;10,18;0,22;0,78;0,29;28,11;-13,59;;8,29;0,00;-29,37;740.493.339,00
AHT;0,60;;1,60;-0,13;0,01;31,58;30,61;1,47;0,08;7,42;7,35;;0,02;-0,01;-0,01;0,21;-8,33;0,56;13,43;-0,07;1,02;0,38;-0,90;;;-4,50;0,37;-0,01;30.117.960,00
AIC;24,33;1,73;81,31;3,13;0,84;100,00;163,58;32,01;15,91;16,37;13,24;2,61;26,02;;-0,84;;3,85;1,04;5,06;0,27;0,73;0,03;-25,44;-20,59;;7,77;0,30;0,10;135.948.960,00
AIRC;39,08;2,30;8,87;2,49;0,91;66,64;102,82;79,57;6,86;10,78;3,91;1,42;7,06;;-0,91;;28,06;10,32;14,64;0,37;0,62;0,13;-3,35;-0,66;;15,71;4,41;0,37;5.670.672.136,00
AIV;8,66;;-5,46;4,84;0,60;59,08;-93,01;-113,15;-6,65;-13,27;-6,62;4,82;6,18;;-0,60;;-88,54;-10,91;-12,46;0,12;0,79;0,10;-28,09;;;1,79;-1,59;-0,25;1.226.337.404,00
AIW;25,00;;83,55;3,22;0,87;100,00;163,58;32,01;16,35;16,37;13,24;2,61;26,74;;-0,87;;3,85;1,04;5,06;0,27;0,73;0,03;-25,44;-20,59;;7,77;0,30;0,11;135.948.960,00
AJX;3,13;10,54;-1,24;0,56;0,16;;;;-2,38;-9,36;-6,97;1,65;;;-0,16;;-45,32;-12,61;-6,79;0,28;0,72;0,00;;;;5,56;-2,52;-0,01;142.751.475,00
AJXA;25,06;1,81;-9,95;4,51;1,25;;;;-19,09;-9,36;-6,97;1,65;;;-1,25;;-45,32;-12,61;-6,79;0,28;0,72;0,00;;;;5,56;-2,52;-0,04;142.751.475,00
AKR;23,55;3,10;1.272,73;1,39;0,58;67,16;18,90;0,56;37,99;63,13;25,13;0,92;7,18;;-0,58;;0,11;0,05;1,87;0,42;0,57;0,08;5,46;-8,77;;16,91;0,02;-11,93;2.480.547.405,00
ALEX;18,66;4,77;33,69;1,35;0,83;49,04;34,97;18,48;17,80;23,59;5,78;0,44;6,23;;-0,83;;4,02;2,45;5,17;0,61;0,39;0,13;-20,17;;;13,79;0,55;0,89;1.355.122.788,00
ALX;226,91;7,93;22,49;5,45;0,78;56,38;50,11;22,10;9,92;14,69;4,77;2,62;4,97;;-0,78;;24,25;3,48;9,02;0,14;0,86;0,16;-0,68;25,54;;41,61;10,09;-0,45;1.158.897.443,00
AMH;37,89;2,64;39,43;1,98;1,04;55,83;33,53;20,99;24,69;28,83;4,14;0,33;8,28;;-1,04;;5,01;2,65;5,30;0,53;0,47;0,13;8,64;28,56;;19,17;0,96;-91,48;13.886.654.688,00
AMT;219,34;2,99;41,15;26,57;1,56;71,45;36,86;21,95;24,51;33,21;8,70;9,43;9,03;-36,92;-1,66;0,60;64,56;3,78;9,02;0,06;0,94;0,17;8,42;3,71;;8,26;5,33;0,26;102.449.700.078,00
ANH;2,98;;-2,68;0,72;0,12;;;;-5,03;24,95;29,98;-4,31;;;-0,12;;-27,04;-4,64;-9,45;0,17;0,82;0,00;;;;4,12;-1,11;-0,04;295.925.866,36
APLE;15,19;6,85;17,64;1,10;0,72;58,36;20,16;14,91;13,04;18,79;5,74;0,48;2,63;;-0,72;;6,22;4,08;5,61;0,66;0,34;0,27;1,13;-2,94;;13,84;0,86;0,59;3.656.886.170,00
APTS;25,00;;105,44;1,40;0,43;69,54;28,71;3,83;14,06;33,84;19,77;1,96;4,04;;-0,43;;1,32;0,41;3,21;0,31;0,69;0,11;20,97;;;17,91;0,24;-0,22;1.611.075.000,00
ARE;117,61;4,37;143,64;1,13;0,54;70,87;15,56;4,76;43,97;69,31;25,34;0,65;6,84;;-0,54;;0,78;0,38;1,53;0,48;0,52;0,08;16,80;-22,22;;104,38;0,82;-1,97;20.573.058.621,00
ARI;8,61;15,10;81,21;0,60;0,13;100,00;524,35;14,63;2,27;15,47;13,20;3,48;11,88;;-0,13;;0,73;0,16;5,76;0,22;0,78;0,01;;-23,37;;14,44;0,11;-0,97;1.191.165.948,00
ARR;19,73;15,00;-8,06;0,83;0,10;;;;2,21;2,94;0,74;0,28;;;-0,10;;-10,28;-1,19;26,09;0,12;0,88;0,00;;;;23,81;-2,45;-0,37;962.145.288,00
AVB;219,67;3,07;37,13;2,66;1,49;100,00;37,22;29,61;29,54;36,88;7,34;0,66;11,00;;-1,49;;7,17;4,00;5,19;0,56;0,44;0,14;3,91;-0,63;;82,56;5,92;-1,08;31.240.764.456,00
BDN;5,68;10,56;-5,93;0,76;0,26;65,40;-11,16;-32,33;-17,18;-55,81;-38,63;1,71;1,92;;-0,26;;-12,79;-4,40;-1,62;0,34;0,66;0,14;-1,12;;;7,49;-0,96;0,01;980.789.456,00
BFS;40,64;4,36;22,86;2,84;0,47;73,55;46,08;16,25;8,06;18,69;10,63;3,74;3,71;;-0,47;;12,41;2,07;7,39;0,17;0,83;0,13;2,51;0,83;;14,32;1,78;3,18;980.895.168,00
BHR;3,18;6,29;-4,30;0,75;0,10;32,23;8,18;-6,62;3,47;19,19;15,72;3,39;0,28;-0,18;-0,11;0,15;-17,45;-2,23;4,19;0,13;0,64;0,34;11,38;;;4,24;-0,74;0,00;211.540.596,00
BNL;18,13;6,34;21,82;1,12;0,65;94,68;56,08;36,78;14,31;22,19;7,88;0,62;8,03;;-0,65;;5,13;2,97;4,80;0,58;0,42;0,08;13,27;17,51;;16,20;0,83;-7,72;3.417.822.275,00
BPYU;18,52;;-0,83;0,44;0,03;57,68;-4,09;-57,47;-11,61;-274,32;-262,70;9,86;0,48;;-0,03;;-52,70;-4,04;-0,55;0,08;0,88;0,07;-8,65;;;42,49;-22,39;0,00;710.173.476,00
BPYUP;25,20;;-1,13;0,59;0,05;57,68;-4,09;-57,47;-15,80;-274,32;-262,70;9,86;0,65;;-0,05;;-52,70;-4,04;-0,55;0,08;0,88;0,07;-8,65;;;42,49;-22,39;0,00;710.173.476,00
BRG;26,60;;18,42;16,07;0,31;63,36;34,40;18,88;10,11;22,56;12,45;19,78;3,48;;-0,31;;87,20;1,67;5,39;0,02;0,59;0,09;22,09;;;1,66;1,44;-17,60;813.284.360,00
BRMK;4,83;;-4,90;0,69;0,61;100,00;-482,36;-516,72;-5,25;-5,73;-0,48;0,06;25,31;;-0,61;;-14,13;-12,50;-11,92;0,88;0,12;0,02;-13,38;;;6,98;-0,99;0,02;636.353.949,00
BRSP;5,34;14,23;-2,58;0,63;0,18;71,79;55,74;-239,16;11,07;46,21;35,14;2,01;6,17;;-0,18;;-24,61;-7,16;1,73;0,29;0,71;0,03;;;;8,41;-2,07;;697.557.258,00
BRT;17,53;5,70;-43,86;1,45;0,45;100,00;14,31;-7,53;23,08;55,54;32,46;2,04;3,30;;-0,45;;-3,31;-1,02;2,00;0,31;0,69;0,14;31,92;-18,53;;12,06;-0,40;0,37;312.119.897,00
BRX;26,92;4,05;27,46;2,84;0,93;75,25;39,29;23,45;16,39;26,29;9,90;1,72;6,44;;-0,93;;10,35;3,38;6,01;0,33;0,67;0,14;0,17;-3,59;;9,47;0,98;-1,62;8.112.218.168,00
BXMT;17,71;13,16;-19,49;0,77;0,14;0,00;62,65;-7,98;2,48;2,18;-0,30;-0,09;1,56;;-0,14;;-3,96;-0,70;30,96;0,18;0,82;0,09;21,93;-2,86;;22,95;-0,91;0,12;3.074.827.910,00
BXP;82,97;4,72;78,23;2,26;0,51;62,00;32,59;5,01;12,03;25,80;13,77;2,59;3,92;;-0,51;;2,89;0,66;5,06;0,23;0,77;0,13;3,80;-19,77;;36,74;1,06;-1,05;13.103.767.386,00
CCI;110,83;5,65;40,47;8,52;1,26;71,82;31,96;18,01;22,80;33,88;11,08;4,14;7,29;-34,09;-1,30;0,43;21,05;3,11;7,10;0,15;0,85;0,17;5,39;24,16;;13,01;2,74;-1,34;48.163.093.859,00
CDR;29,00;;-7,87;0,89;0,38;63,71;-23,43;-40,14;-13,48;-31,60;-18,12;1,20;3,16;;-0,38;;-11,33;-4,89;-3,00;0,43;0,57;0,12;-3,33;;;32,53;-3,69;0,00;393.103.700,00
CHCT;16,68;11,00;360,83;0,94;0,48;80,46;19,38;1,13;21,06;41,61;20,56;0,92;4,08;;-0,48;;0,26;0,13;2,30;0,51;0,49;0,12;18,37;11,87;;17,74;0,05;-4,11;467.994.096,00
CHMI;3,39;17,70;-10,77;0,43;0,07;76,42;98,68;-18,44;2,01;-21,58;-23,60;-5,10;1,99;;-0,07;;-4,04;-0,67;12,23;0,17;0,83;0,04;1,02;;;7,80;-0,31;0,25;101.971.878,00
CIM;15,17;9,10;7,67;0,46;0,09;100,00;287,58;63,71;1,70;5,32;3,62;0,98;4,89;;-0,09;;6,03;1,21;13,30;0,20;0,80;0,02;-15,77;-21,07;;32,80;1,98;0,00;1.221.650.719,00
CIO;5,57;7,18;-31,74;0,29;0,15;59,93;15,39;-4,02;8,29;31,01;22,73;0,81;1,28;;-0,15;;-0,93;-0,48;1,91;0,51;0,49;0,12;6,70;;;18,89;-0,18;0,98;223.658.337,00
CLDT;8,42;3,33;-102,80;0,54;0,32;42,66;9,23;-1,28;14,21;28,83;14,63;0,55;1,31;;-0,32;;-0,52;-0,31;2,38;0,59;0,41;0,24;-0,82;-38,38;;15,67;-0,08;1,03;411.821.358,00
CLI;18,35;;-62,91;1,28;0,37;76,04;-7,77;-8,36;-67,74;-163,38;-95,64;1,80;5,26;;-0,37;;-2,03;-0,58;-0,66;0,29;0,60;0,07;-12,02;;;14,36;-0,29;0,66;1.671.382.225,00
CLNC;10,32;;-2,93;0,86;0,22;43,42;-47,68;-322,28;-19,84;-73,24;-53,41;2,30;9,46;;-0,22;;-29,14;-7,34;-1,45;0,25;0,75;0,02;9,43;;;12,07;-3,52;0,00;1.330.917.768,00
CLNY;8,50;;-0,49;0,19;0,07;65,74;-147,61;-222,45;-0,74;-4,54;-3,79;0,99;1,10;1,60;-0,08;1,65;-39,38;-13,62;-12,42;0,35;0,65;0,06;9,25;;;43,68;-17,20;0,00;1.359.110.050,00
CLPR;6,02;6,31;-26,61;-54,44;0,08;56,22;26,06;-2,54;2,60;35,22;32,63;;0,68;;-0,08;;-204,56;-0,29;2,98;0,00;1,00;0,11;4,67;;;-0,11;-0,23;0,63;96.785.346,00
CMCT;0,60;49,17;-0,49;0,04;0,02;42,70;7,50;-22,77;1,48;47,43;45,95;1,24;0,11;;-0,02;;-8,18;-3,22;0,97;0,39;0,60;0,14;-9,59;;;15,10;-1,23;-0,02;13.947.540,00
CMCTP;28,10;;-22,76;1,86;0,73;42,70;7,50;-22,77;69,12;47,43;45,95;1,24;5,18;;-0,73;;-8,18;-3,22;0,97;0,39;0,60;0,14;-9,59;;;15,10;-1,23;-1,06;13.947.540,00
CMO;6,50;;9,33;0,72;0,08;100,00;121,01;73,55;5,67;66,03;60,36;7,68;6,86;;-0,08;;7,73;0,86;1,43;0,11;0,89;0,01;-12,46;;;9,01;0,70;-0,06;629.691.400,00
COLD;26,87;3,28;-26,95;2,21;0,98;30,87;-5,59;-10,60;-51,09;-72,81;-21,72;0,94;2,86;;-0,98;;-8,22;-3,63;-2,24;0,44;0,56;0,34;10,76;;;12,13;-1,00;-0,18;7.635.260.972,00
CONE;90,36;;468,41;4,05;1,59;55,95;7,05;2,10;139,42;179,79;40,38;1,17;9,83;-44,32;-1,77;0,74;0,87;0,34;1,19;0,39;0,61;0,16;17,91;4,92;;22,29;0,19;-12,04;11.850.659.784,00
COR;222,56;1,15;23,50;47,15;0,65;3,41;0,89;0,65;17,30;17,86;0,56;1,54;0,15;-7,70;-2,24;0,89;200,64;2,78;36,38;0,01;0,99;4,25;243,98;86,23;;4,72;9,47;2,38;43.623.451.456,00
CORR;0,01;;-0,01;0,00;0,00;46,28;4,85;-10,77;0,02;33,40;33,38;1,98;0,00;;0,00;;-13,18;-3,00;1,83;0,23;0,77;0,28;8,53;;;6,85;-0,90;0,00;160.376,00
CPLG;15,98;;-33,36;1,06;0,61;17,49;-0,65;-6,05;-311,32;-437,32;-126,00;0,43;2,02;;-0,61;;-3,19;-1,83;-0,42;0,57;0,43;0,30;;;;15,01;-0,48;0,37;933.952.698,00
CPT;119,32;3,43;32,04;2,62;1,40;61,94;34,73;25,54;23,57;29,96;6,39;0,71;8,18;;-1,40;;8,18;4,37;6,38;0,53;0,47;0,17;9,95;19,57;;45,53;3,72;0,35;12.723.676.268,00
CTO;18,83;8,07;33,03;0,89;0,43;72,65;35,08;11,43;10,76;22,54;11,78;0,97;3,77;;-0,43;;2,68;1,31;4,15;0,49;0,51;0,11;20,11;-31,69;;21,27;0,57;-0,04;435.353.366,00
CTRE;30,24;3,80;62,60;2,40;1,73;95,13;52,00;34,88;41,99;43,57;1,58;0,09;21,83;;-1,73;;3,83;2,76;4,25;0,72;0,28;0,08;5,03;-1,49;;12,60;0,48;0,52;4.663.289.232,00
CTT;10,37;;9,18;2,54;0,99;52,76;72,43;59,22;7,50;11,39;3,89;1,32;5,43;;-0,99;;27,70;10,81;13,63;0,39;0,61;0,18;4,53;;;4,08;1,13;-0,01;510.983.824,00
CUBE;49,82;4,09;27,78;4,05;1,81;70,87;47,22;38,07;22,40;28,28;5,88;1,06;10,58;;-1,81;;14,58;6,53;8,76;0,45;0,54;0,17;11,93;20,65;;12,30;1,79;-3,62;11.219.399.234,00
CUZ;29,55;4,33;75,85;1,01;0,58;67,02;20,93;7,25;26,25;41,32;15,07;0,58;5,50;;-0,58;;1,33;0,77;2,43;0,58;0,42;0,11;11,06;0,94;;29,27;0,39;-1,26;4.495.742.910,00
CXP;19,28;;26,56;0,87;0,55;53,97;42,59;32,85;20,48;32,31;11,83;0,50;8,72;;-0,55;;3,29;2,06;2,80;0,63;0,37;0,06;-11,89;21,00;;22,06;0,73;-0,02;2.215.246.936,00
CXW;13,06;;20,91;0,99;0,50;23,71;8,35;3,50;8,77;14,57;5,80;0,66;0,73;12,36;-0,57;1,44;4,76;2,37;5,68;0,50;0,50;0,68;0,65;-15,75;;13,13;0,62;-0,49;1.440.132.730,00
DBRG;15,33;0,26;8,88;1,35;0,76;81,07;27,96;19,61;6,23;0,41;-5,81;-1,26;1,74;;-0,76;;15,22;8,57;18,69;0,56;0,43;0,44;-6,72;;;11,34;1,73;-0,04;2.665.353.516,00
DEA;13,26;7,99;71,73;1,05;0,46;65,06;23,70;6,49;19,63;39,36;19,73;1,05;4,65;;-0,46;;1,46;0,64;2,57;0,44;0,56;0,10;12,33;26,94;;12,66;0,18;-2,70;1.366.238.796,00
DEI;17,64;4,31;-86,78;1,36;0,31;65,29;19,57;-3,38;15,01;40,66;25,65;2,33;2,94;;-0,31;;-1,57;-0,36;2,53;0,23;0,77;0,11;2,98;;;12,92;-0,20;0,55;2.953.101.816,00
DHC;3,68;1,09;-1,32;0,41;0,17;16,90;-7,14;-45,96;-8,50;-33,68;-25,19;1,22;0,61;;-0,17;;-31,23;-12,58;-2,07;0,40;0,60;0,27;4,77;;;8,93;-2,79;-0,01;885.314.528,00
DHCNI;16,60;;-5,95;1,86;0,75;16,90;-7,14;-45,96;-38,32;-33,68;-25,19;1,22;2,73;;-0,75;;-31,23;-12,58;-2,07;0,40;0,60;0,27;4,77;;;8,93;-2,79;-0,03;885.314.528,00
DHCNL;17,53;2,23;-6,28;1,96;0,79;16,90;-7,14;-45,96;-40,47;-33,68;-25,19;1,22;2,89;;-0,79;;-31,23;-12,58;-2,07;0,40;0,60;0,27;4,77;;;8,93;-2,79;-0,03;885.314.528,00
DLR;160,75;3,04;48,60;2,56;1,21;53,64;32,25;19,83;29,89;38,11;8,22;0,70;9,64;;-1,21;;5,27;2,48;4,52;0,47;0,50;0,13;12,45;23,43;;62,73;3,31;0,30;52.631.318.250,00
DOC;21,66;6,60;52,74;1,73;0,75;100,00;22,79;12,02;27,82;43,33;15,51;0,96;6,34;;-0,75;;3,28;1,42;3,10;0,43;0,57;0,12;39,35;40,33;;12,53;0,41;3,03;15.143.229.444,00
DRE;48,20;;19,55;2,95;1,69;41,81;95,22;85,63;17,58;21,08;3,50;0,59;16,74;;-1,69;;15,06;8,66;10,01;0,57;0,43;0,10;8,65;22,27;;16,37;2,47;0,22;18.556.648.140,00
DRH;8,90;1,35;30,11;1,12;0,57;54,44;12,34;5,54;13,52;20,86;7,34;0,61;1,67;;-0,57;;3,73;1,89;4,84;0,50;0,50;0,34;4,47;-0,33;;7,91;0,30;-1,20;1.844.592.640,00
DX;12,24;12,75;99,16;0,87;0,14;0,00;89,34;2,73;3,03;-0,23;-3,26;-0,94;2,71;;-0,14;;0,88;0,14;4,61;0,16;0,84;0,05;24,28;;;13,99;0,12;-1,19;914.423.472,00
EARN;6,74;14,24;40,99;1,17;0,18;;;;3,51;1,21;-2,31;-0,77;;;-0,18;;2,85;0,45;31,64;0,16;0,84;0,00;;;;5,77;0,16;0,24;170.703.980,00
EGP;178,37;2,92;38,41;3,14;1,84;100,00;44,11;37,16;32,36;38,44;6,08;0,59;14,27;;-1,84;;8,18;4,80;6,05;0,59;0,41;0,13;13,69;17,77;;56,78;4,64;1,03;8.692.005.774,00
ELS;67,79;2,77;35,41;8,78;2,24;48,85;33,25;23,84;25,39;32,59;7,20;2,49;8,44;;-2,24;;24,80;6,33;9,62;0,26;0,74;0,27;8,33;8,13;;7,72;1,91;1,41;12.644.089.115,00
EPR;48,20;6,99;19,68;1,51;0,65;91,63;48,11;26,43;10,81;19,32;8,51;1,18;5,20;;-0,65;;7,65;3,29;6,29;0,43;0,57;0,12;1,98;-8,31;;32,02;2,45;0,72;3.649.771.480,00
EPRT;32,51;3,54;29,46;1,76;1,08;98,80;63,69;48,12;22,25;29,66;7,41;0,58;14,17;;-1,08;;5,97;3,67;4,95;0,62;0,38;0,08;30,17;64,96;;18,50;1,10;1,90;5.699.988.053,00
EQC;19,81;;22,56;0,87;0,86;100,00;172,58;158,01;20,65;-0,65;-21,30;-0,90;35,64;;-0,86;;3,87;3,83;4,21;0,99;0,01;0,02;-21,03;-19,69;;22,68;0,88;0,53;2.126.161.737,00
EQIX;871,56;1,96;79,94;6,74;2,52;48,76;19,04;12,24;51,39;60,44;9,05;1,19;9,78;125,19;-2,84;1,22;8,43;3,15;5,04;0,37;0,63;0,26;10,05;21,54;;129,32;10,90;2,81;82.750.264.200,00
EQR;73,09;3,68;29,06;2,52;1,40;63,76;43,85;32,70;21,67;27,21;5,54;0,65;9,50;;-1,40;;8,69;4,82;7,02;0,55;0,43;0,15;2,19;5,00;;28,95;2,52;1,95;27.711.042.931,00
ESRT;11,01;1,27;42,24;1,81;0,41;60,23;23,79;5,75;10,20;20,84;10,64;1,89;2,43;;-0,41;;4,29;0,98;5,04;0,23;0,77;0,17;0,22;-4,36;;6,07;0,26;-6,86;1.833.265.191,00
ESS;288,11;3,35;35,70;3,38;1,48;68,16;44,57;30,31;24,27;32,45;8,18;1,14;10,82;;-1,48;;9,46;4,14;6,47;0,44;0,56;0,14;3,58;3,58;;85,36;8,07;-1,47;18.501.819.169,00
EXR;170,40;3,80;44,95;2,55;1,30;75,23;41,77;25,46;27,39;34,96;7,57;0,70;11,44;;-1,30;;5,67;2,89;5,03;0,51;0,49;0,11;16,43;13,58;;66,87;3,79;-6,99;36.112.650.480,00
FCPT;28,64;4,82;27,27;2,11;1,07;100,00;55,83;37,01;18,08;25,53;7,45;0,87;10,09;-2,43;-1,12;0,09;7,73;3,91;6,07;0,51;0,49;0,11;11,78;2,96;;13,59;1,05;8,10;2.653.914.144,00
FPI;10,69;4,21;27,78;1,01;0,50;79,08;76,68;32,72;11,85;20,63;8,78;0,75;9,09;;-0,50;;3,64;1,80;4,81;0,49;0,41;0,06;0,49;20,33;;10,56;0,38;1,23;514.904.161,00
FR;54,53;2,62;25,41;2,78;1,39;72,80;58,73;44,46;19,24;25,32;6,08;0,88;11,30;;-1,39;;10,92;5,45;7,56;0,50;0,50;0,12;8,74;10,19;;19,65;2,15;-3,04;7.216.832.833,00
FRT;111,45;3,92;33,09;3,11;1,11;67,64;45,52;24,18;17,57;26,04;8,47;1,50;8,00;;-1,11;;9,41;3,35;6,99;0,36;0,62;0,14;4,34;-0,41;;35,80;3,37;-1,31;9.325.066.080,00
FSP;1,60;2,50;-2,34;0,24;0,16;45,66;-32,96;-52,85;-3,76;-9,93;-6,17;0,40;1,24;;-0,16;;-10,36;-6,98;-4,50;0,67;0,33;0,13;-11,53;;;6,59;-0,68;0,00;165.706.720,00
GEO;13,91;;48,67;1,52;0,53;100,00;13,88;1,65;5,77;10,86;5,09;1,33;0,80;19,13;-0,62;1,26;3,11;1,10;11,03;0,35;0,65;0,67;0,69;-5,85;;9,18;0,29;-0,69;1.942.253.300,00
GLPI;50,78;5,93;17,91;3,37;1,18;100,00;76,69;52,39;12,23;17,72;5,49;1,51;9,38;145,70;-1,23;1,28;18,82;6,61;10,50;0,35;0,65;0,13;6,41;16,68;;15,07;2,84;5,40;13.933.600.370,00
GMRE;9,34;8,99;214,49;1,10;0,49;100,00;24,51;2,07;18,13;34,40;16,27;0,99;4,44;-1,07;-0,53;0,14;0,51;0,23;2,89;0,45;0,55;0,11;21,54;8,85;;8,48;0,04;-2,73;612.588.184,00
GNL;8,22;14,34;-7,76;0,78;0,25;83,11;8,65;-33,26;29,82;104,99;75,17;1,97;2,58;;-0,25;;-10,09;-3,21;0,72;0,32;0,68;0,10;12,79;;;10,50;-1,06;-0,01;1.894.460.112,00
GOOD;16,10;7,45;136,25;4,70;0,62;83,41;34,34;3,46;13,74;27,83;14,10;4,82;4,72;;-0,62;;3,45;0,45;5,74;0,13;0,71;0,13;6,68;-16,55;;3,43;0,12;0,24;684.786.130,00
GOODM;25,01;;211,65;7,30;0,96;83,41;34,34;3,46;21,34;27,83;14,10;4,82;7,33;;-0,96;;3,45;0,45;5,74;0,13;0,71;0,13;6,68;-16,55;;3,43;0,12;0,37;684.786.130,00
GOODN;23,10;1,79;195,49;6,74;0,89;83,41;34,34;3,46;19,71;27,83;14,10;4,82;6,77;;-0,89;;3,45;0,45;5,74;0,13;0,71;0,13;6,68;-16,55;;3,43;0,12;0,34;684.786.130,00
GPMT;2,88;15,63;-0,85;0,21;0,06;100,00;28,01;-3.888,53;118,10;866,05;747,95;1,31;33,08;;-0,06;;-24,36;-6,74;0,07;0,28;0,72;0,00;;;;13,90;-3,39;0,00;145.970.208,00
GTY;30,97;5,81;25,43;1,76;0,89;88,85;54,10;33,49;15,74;23,55;7,81;0,88;8,52;;-0,89;;6,94;3,49;5,95;0,50;0,50;0,10;6,43;4,75;;17,55;1,22;-7,74;1.678.121.838,00
HASI;34,07;4,81;15,21;1,76;0,60;;;;6,99;8,03;1,04;0,26;;;-0,60;;11,54;3,92;7,52;0,34;0,66;0,00;;29,05;;19,41;2,24;0,04;3.967.574.152,00
HHC;78,83;;25,50;1,12;0,41;39,19;21,32;9,71;11,62;23,06;11,44;1,11;2,48;;-0,41;;4,40;1,62;3,39;0,37;0,63;0,17;7,89;-2,60;;70,19;3,09;5,61;3.949.611.607,00
HIW;33,62;5,95;23,91;1,48;0,60;67,26;35,56;17,96;12,08;22,77;10,69;1,31;4,29;;-0,60;;6,17;2,50;5,26;0,40;0,59;0,14;2,98;-2,85;;22,77;1,41;-12,73;3.564.052.838,00
HR;17,27;7,18;-19,17;1,07;0,53;62,13;-6,24;-25,18;-77,34;-141,25;-63,92;0,88;4,83;;-0,53;;-5,56;-2,77;-0,73;0,50;0,50;0,11;24,12;;;16,22;-0,90;0,05;6.269.531.554,00
HST;17,81;5,90;16,68;1,84;1,01;65,29;18,14;13,70;12,60;16,21;3,62;0,53;2,29;-57,65;-1,08;0,79;11,01;6,04;8,52;0,55;0,44;0,44;-0,78;-7,40;;9,70;1,07;-15,80;12.510.463.524,00
HT;9,99;;3,19;0,60;0,29;30,33;56,85;33,81;1,90;3,94;2,05;0,65;1,08;;-0,29;;18,95;9,07;16,63;0,48;0,52;0,27;-4,02;7,41;;16,55;3,14;-0,01;402.559.038,00
HTA;29,19;;70,91;2,08;0,98;68,73;24,81;12,13;34,66;50,82;16,16;0,97;8,60;;-0,98;;2,94;1,38;3,04;0,47;0,53;0,11;10,72;16,93;;14,02;0,41;0,97;6.686.725.521,00
IIPR;130,79;5,69;22,69;1,90;1,55;91,33;58,24;52,30;20,38;21,49;1,11;0,10;11,87;;-1,55;;8,39;6,85;7,87;0,82;0,18;0,13;83,72;88,35;;68,73;5,76;11,58;3.705.516.122,00
ILPT;4,38;0,91;-1,17;0,47;0,05;86,54;33,87;-55,91;1,93;28,98;27,05;6,55;0,65;;-0,05;;-39,96;-4,50;3,04;0,11;0,89;0,08;21,89;;;9,37;-3,74;0,04;289.003.350,00
INDT;66,99;;10.674,44;1,76;1,16;77,84;2,40;0,12;555,42;672,60;117,19;0,37;13,33;;-1,16;;0,02;0,01;0,12;0,66;0,34;0,09;2,31;5,72;;38,01;0,01;-107,20;683.164.020,00
INN;6,65;4,21;34,97;0,77;0,25;75,89;14,25;2,78;6,82;19,06;12,24;1,39;0,97;-0,54;-0,26;0,09;2,21;0,72;4,41;0,32;0,66;0,26;5,35;;;8,60;0,19;0,00;720.433.735,00
INVH;33,75;4,09;43,35;2,06;1,07;59,27;33,73;18,76;24,12;33,17;9,05;0,77;8,14;;-1,07;;4,75;2,48;4,57;0,52;0,48;0,13;7,14;;;16,38;0,78;4,86;20.675.047.500,00
IRM;120,38;2,21;153,95;-265,75;1,97;56,65;15,92;3,94;38,10;51,91;13,81;;6,07;-79,47;-2,17;0,79;-172,62;1,28;6,85;-0,01;1,00;0,32;5,34;-12,24;;-0,45;0,78;-3,89;35.311.763.604,00
IRT;19,19;3,34;-499,14;1,27;0,73;58,31;11,38;-1,32;58,00;86,94;28,94;0,63;6,60;;-0,73;;-0,25;-0,15;1,33;0,57;0,43;0,11;28,15;;;15,10;-0,04;4,44;4.320.064.314,00
IVR;8,51;18,80;-12,94;0,61;0,09;;;;2,17;-21,18;-23,35;-6,61;;;-0,09;;-4,75;-0,71;28,25;0,15;0,85;0,00;;;;13,85;-0,66;0,37;466.515.647,00
JBGS;17,50;4,29;-8,68;0,75;0,28;65,45;-10,87;-30,10;-24,02;-62,56;-38,53;1,20;2,61;;-0,28;;-8,64;-3,28;-1,39;0,38;0,54;0,11;-1,27;;;23,35;-2,02;-0,03;1.513.918.000,00
KIM;23,18;4,14;45,15;1,48;0,80;68,73;34,69;18,20;23,69;35,13;11,44;0,71;8,22;;-0,80;;3,27;1,77;3,22;0,54;0,45;0,10;8,89;5,62;;15,69;0,51;-4,82;15.625.920.796,00
KRC;38,89;5,55;22,92;0,84;0,40;69,03;32,36;17,91;12,69;24,80;12,11;0,81;4,11;;-0,40;;3,68;1,73;3,39;0,47;0,53;0,10;8,62;-3,86;;46,05;1,70;-1,23;4.565.110.428,00
KREF;11,63;10,15;31,46;0,58;0,11;100,00;3.271,79;169,98;1,63;8,76;7,12;2,53;53,48;;-0,11;;1,85;0,36;9,84;0,20;0,80;0,00;;;;19,99;0,37;-0,20;806.345.116,00
KRG;25,58;3,95;-229,98;1,64;0,81;74,42;10,97;-2,95;61,90;92,05;30,15;0,80;6,79;;-0,81;;-0,71;-0,35;1,40;0,49;0,50;0,12;18,37;;;15,58;-0,11;1,24;5.619.046.048,00
LADR;11,15;8,25;14,33;0,93;0,28;65,01;310,06;91,27;4,22;10,64;6,42;1,42;13,08;;-0,28;;6,50;1,97;6,82;0,30;0,70;0,02;-6,65;-8,59;;11,97;0,78;-0,44;1.425.707.015,00
LAMR;133,74;3,93;27,13;11,43;2,08;66,90;32,07;23,33;19,73;24,47;4,74;2,74;6,33;-21,93;-2,23;0,41;42,13;7,66;15,00;0,18;0,82;0,33;5,34;10,21;;11,70;4,93;1,33;13.681.815.984,00
LAND;13,51;4,13;41,79;0,68;0,36;95,22;45,34;12,94;11,93;24,24;12,31;0,71;5,41;;-0,36;;1,64;0,86;3,23;0,52;0,48;0,07;19,76;40,83;;19,77;0,32;1,01;484.176.784,00
LANDO;22,45;1,67;69,44;1,14;0,59;95,22;45,34;12,94;19,82;24,24;12,31;0,71;8,99;;-0,59;;1,64;0,86;3,23;0,52;0,48;0,07;19,76;40,83;;19,77;0,32;1,68;484.176.784,00
LANDP;21,61;1,74;66,85;1,09;0,57;95,22;45,34;12,94;19,08;24,24;12,31;0,71;8,65;;-0,57;;1,64;0,86;3,23;0,52;0,48;0,07;19,76;40,83;;19,77;0,32;1,61;484.176.784,00
LFT;2,43;12,35;6,98;0,52;0,10;;;;1,13;0,96;-0,17;-0,08;;;-0,10;;7,52;1,40;38,77;0,19;0,81;0,00;;;;4,63;0,35;0,08;127.028.736,00
LOAN;5,26;8,70;10,59;1,39;0,87;100,00;56,72;56,71;10,59;14,66;4,07;0,54;6,01;1,24;-178,01;3,47;13,15;8,26;8,55;0,63;0,37;0,15;6,28;5,43;;3,78;0,50;0,35;60.167.562,00
LSI;133,23;;30,96;3,18;1,54;73,35;44,92;33,96;23,41;30,37;6,96;0,95;10,51;;-1,54;;10,27;4,96;6,95;0,48;0,49;0,15;14,40;30,02;;41,90;4,30;0,93;11.336.500.731,00
LTC;35,56;6,41;16,56;1,74;0,82;89,62;109,04;72,23;10,97;17,04;6,06;0,96;11,96;;-0,82;;10,50;4,94;8,05;0,47;0,53;0,07;-5,46;-10,28;;20,44;2,15;0,50;1.546.550.628,00
MAA;153,42;2,87;34,94;2,99;1,55;82,30;31,71;23,60;26,00;32,71;6,71;0,77;8,25;;-1,55;;8,55;4,44;6,41;0,52;0,48;0,19;6,46;19,92;;51,37;4,39;-2,59;17.931.146.604,00
MAC;18,15;3,75;-52,21;1,56;0,50;58,58;38,75;-8,52;11,48;24,26;12,78;1,74;4,45;;-0,50;;-3,00;-0,97;4,84;0,32;0,68;0,11;-1,64;;;11,60;-0,35;3,76;3.920.242.095,00
MDRR;12,07;0,75;-8,24;1,02;0,18;76,76;23,46;-16,10;5,66;24,50;18,84;3,41;1,33;;-0,18;;-12,42;-2,18;3,75;0,18;0,82;0,14;9,29;;;11,79;-1,46;0,12;13.495.467,00
MDRRP;24,72;4,05;-16,88;2,10;0,37;76,76;23,46;-16,10;11,58;24,50;18,84;3,41;2,72;;-0,37;;-12,42;-2,18;3,75;0,18;0,82;0,14;9,29;;;11,79;-1,46;0,25;13.495.467,00
MFA;12,21;11,47;16,89;0,66;0,11;0,00;78,61;9,70;2,08;0,16;-1,93;-0,61;1,64;;-0,11;;3,92;0,67;31,71;0,17;0,83;0,07;1,73;-23,29;;18,45;0,72;0,00;1.246.428.546,00
MGP;41,64;;30,31;2,06;0,63;96,71;79,83;27,27;10,35;16,96;6,60;1,31;8,27;;-0,63;;6,80;2,08;8,47;0,31;0,69;0,08;10,84;47,00;;20,20;1,37;1,88;6.527.207.412,00
MNR;16,91;15,38;-81,30;1,44;0,72;64,87;36,47;-2,26;5,04;7,08;2,04;0,58;1,84;104,46;-0,85;1,05;-1,78;-0,88;16,72;0,50;0,50;0,39;39,04;4,12;;11,71;-0,21;0,62;1.607.121.327,00
MPW;4,76;11,13;-1,90;0,46;0,18;96,31;-104,35;-126,97;-2,32;-9,42;-7,11;1,42;2,42;;-0,18;;-24,24;-9,27;-8,65;0,38;0,62;0,07;2,13;;;10,31;-2,50;0,00;2.856.952.000,00
NHI;77,95;4,62;26,56;2,72;1,37;96,30;61,10;42,09;18,30;24,36;6,06;0,90;11,18;;-1,37;;10,25;5,15;7,77;0,50;0,49;0,12;1,20;-2,55;;28,64;2,93;1,73;3.386.366.260,00
NLOP;31,05;1,10;-3,12;0,70;0,44;76,92;-21,34;-57,03;-8,34;-12,82;-4,48;0,37;1,78;;-0,44;;-22,28;-14,08;-5,66;0,63;0,37;0,25;;;;44,66;-9,95;;459.074.250,00
NLY;19,63;13,25;-19,22;0,94;0,11;0,00;95,94;-13,74;2,75;0,89;-1,86;-0,64;2,64;;-0,11;;-4,92;-0,59;5,24;0,12;0,88;0,04;1,06;;;20,77;-1,02;-0,04;10.565.107.449,00
NNN;47,47;4,79;21,55;2,08;1,00;96,65;67,96;47,39;15,03;22,56;7,53;1,04;10,21;;-1,00;;9,64;4,63;6,76;0,48;0,52;0,10;5,87;6,05;;22,84;2,20;2,17;8.718.349.694,00
NREF;15,14;11,13;-41,96;0,82;0,04;;;;5,09;111,38;106,29;17,02;;;-0,04;;-1,94;-0,10;0,89;0,05;0,93;0,00;;;;18,57;-0,36;0,28;264.361.054,00
NSA;44,14;5,07;21,79;2,82;0,63;72,93;54,00;18,74;7,56;15,00;7,44;2,77;4,08;;-0,63;;12,92;2,89;9,71;0,22;0,78;0,15;20,99;61,84;;15,68;2,03;0,39;3.353.231.934,00
NTST;15,69;5,26;247,26;0,93;0,58;88,50;19,17;3,32;42,78;67,94;25,16;0,54;8,20;;-0,58;;0,37;0,23;1,39;0,62;0,38;0,07;;;;16,93;0,06;293,64;1.214.056.113,00
NXRT;42,74;4,33;12,20;2,21;0,55;63,24;100,38;32,89;4,00;9,17;5,17;2,86;4,01;;-0,55;;18,12;4,47;13,93;0,25;0,75;0,14;13,62;56,03;;19,33;3,50;0,01;1.085.745.590,00
NYC;8,95;;-0,13;0,19;0,04;33,73;-260,81;-291,76;-0,14;-2,49;-2,35;3,02;0,38;;-0,04;;-144,13;-30,51;-31,22;0,21;0,79;0,10;0,10;;;47,97;-69,14;0,00;23.653.060,00
NYMT;5,47;14,63;-3,92;0,35;0,06;0,00;20,28;-30,85;5,96;4,78;-1,18;-0,07;1,21;;-0,06;;-8,84;-1,54;1,89;0,17;0,82;0,05;-6,54;;;15,81;-1,40;0,15;495.469.318,00
NYMTM;24,37;4,04;-17,45;1,54;0,27;0,00;20,28;-30,85;26,54;4,78;-1,18;-0,07;5,38;;-0,27;;-8,84;-1,54;1,89;0,17;0,82;0,05;-6,54;;;15,81;-1,40;0,65;495.469.318,00
NYMTN;23,30;4,29;-16,68;1,47;0,26;0,00;20,28;-30,85;25,37;4,78;-1,18;-0,07;5,15;;-0,26;;-8,84;-1,54;1,89;0,17;0,82;0,05;-6,54;;;15,81;-1,40;0,62;495.469.318,00
NYMTO;25,06;;-17,94;1,59;0,28;0,00;20,28;-30,85;27,29;4,78;-1,18;-0,07;5,53;;-0,28;;-8,84;-1,54;1,89;0,17;0,82;0,05;-6,54;;;15,81;-1,40;0,67;495.469.318,00
NYMTP;25,32;;-18,13;1,60;0,28;0,00;20,28;-30,85;27,57;4,78;-1,18;-0,07;5,59;;-0,28;;-8,84;-1,54;1,89;0,17;0,82;0,05;-6,54;;;15,81;-1,40;0,67;495.469.318,00
O;61,74;5,03;64,13;1,39;0,79;92,75;55,05;17,78;20,71;30,35;9,64;0,65;11,40;;-0,79;;2,17;1,23;3,96;0,57;0,43;0,07;25,16;19,20;;44,30;0,96;-26,73;53.767.365.624,00
OFC;24,97;;14,75;1,62;0,66;32,37;37,64;27,43;10,75;19,15;8,39;1,27;4,05;;-0,66;;11,00;4,49;6,62;0,41;0,59;0,16;3,82;21,07;;15,38;1,69;0,78;2.810.281.111,00
OHI;39,77;6,74;31,30;2,76;1,16;98,50;59,30;33,52;17,69;25,67;7,97;1,25;10,49;;-1,16;;8,83;3,70;6,80;0,42;0,58;0,11;1,50;12,07;;14,39;1,27;0,82;10.254.253.053,00
OLP;26,90;6,69;17,71;1,87;0,76;81,27;84,20;36,11;7,59;12,35;4,76;1,17;6,39;;-0,76;;10,55;4,27;10,46;0,40;0,60;0,12;2,76;7,46;;14,40;1,52;1,12;574.054.070,00
ONL;3,79;10,55;-2,27;0,26;0,16;65,75;-33,85;-51,74;-3,48;-10,63;-7,15;0,53;1,18;;-0,16;;-11,42;-6,96;-4,80;0,61;0,39;0,13;;;;14,59;-1,67;0,54;212.042.162,00
OPI;2,05;13,66;7,23;0,08;0,03;83,08;31,70;2,69;0,61;14,14;13,52;1,71;0,19;;-0,03;;1,07;0,37;4,62;0,35;0,65;0,14;4,58;;;26,46;0,28;0,22;103.007.990,00
OPINI;25,04;;88,34;0,95;0,33;83,08;31,70;2,69;7,48;14,14;13,52;1,71;2,37;;-0,33;;1,07;0,37;4,62;0,35;0,65;0,14;4,58;;;26,46;0,28;2,63;103.007.990,00
OPINL;14,40;2,77;50,80;0,54;0,19;83,08;31,70;2,69;4,30;14,14;13,52;1,71;1,36;;-0,19;;1,07;0,37;4,62;0,35;0,65;0,14;4,58;;;26,46;0,28;1,51;103.007.990,00
ORC;7,79;18,49;-15,09;1,04;0,12;;;;3,24;-23,63;-26,87;-8,60;;;-0,12;;-6,87;-0,78;31,96;0,11;0,89;0,00;;;;7,51;-0,52;-2,25;576.437.409,00
OUT;18,42;6,51;13,47;4,60;0,58;47,58;31,17;12,32;5,33;9,61;4,29;3,70;1,66;-17,83;-0,62;0,67;34,14;4,32;17,65;0,13;0,85;0,35;2,54;;;4,01;1,37;-0,09;3.057.382.914,00
PCH;42,95;4,19;91,83;1,60;1,00;10,67;4,65;3,45;68,17;84,95;16,79;0,40;3,17;41,73;-1,12;1,29;1,75;1,09;1,20;0,63;0,37;0,32;1,00;-12,76;;26,77;0,47;-1,58;3.389.313.350,00
PEAK;17,12;3,50;30,79;1,48;0,60;100,00;23,86;14,09;18,18;31,20;13,02;1,06;4,34;;-0,60;;4,79;1,94;3,82;0,40;0,59;0,14;12,83;-22,02;;11,61;0,56;-0,79;9.367.601.760,00
PEB;12,68;0,32;-14,17;0,56;0,27;34,46;1,46;-7,48;72,65;172,32;99,66;0,76;1,06;-0,59;-0,28;0,09;-3,93;-1,89;0,39;0,48;0,52;0,25;11,37;;;22,79;-0,90;0,01;1.527.984.380,00
PEI;2,45;;-0,09;-0,17;0,01;56,71;-5,82;-47,01;-0,75;-100,37;-99,61;;0,04;;-0,01;;-178,73;-7,49;-1,03;-0,04;1,04;0,16;-5,81;;;-14,72;-26,31;0,00;13.155.275,00
PGRE;5,00;2,10;-2,42;0,34;0,14;100,00;-16,06;-59,30;-8,93;-35,22;-26,29;1,01;1,43;;-0,14;;-14,13;-5,69;-1,79;0,40;0,60;0,10;0,97;;;14,63;-2,07;-0,01;1.087.275.500,00
PINE;17,92;6,17;-437,78;1,00;0,43;100,00;21,31;-1,16;23,83;49,70;25,87;1,09;5,08;;-0,43;;-0,23;-0,10;1,99;0,43;0,57;0,09;31,25;-6,19;;17,90;-0,04;4,25;244.281.856,00
PK;14,51;11,58;9,91;0,80;0,33;65,35;22,70;11,50;5,02;11,80;6,78;1,08;1,14;13,24;-0,36;1,49;8,10;3,34;6,96;0,41;0,59;0,29;-0,29;-27,13;;18,09;1,46;-0,01;3.031.390.023,00
PLD;120,21;3,12;39,47;2,09;1,19;77,81;50,85;36,30;28,18;35,60;7,42;0,55;14,33;;-1,19;;5,29;3,01;4,53;0,57;0,43;0,08;23,40;13,23;;57,61;3,05;-2,83;111.303.761.310,00
PLYM;21,26;4,45;40,15;2,03;0,68;69,36;32,87;12,05;14,72;27,42;12,70;1,75;4,84;;-0,68;;5,06;1,69;4,88;0,33;0,67;0,14;32,35;;;10,47;0,53;-0,14;965.125.338,00
PMT;13,92;11,49;8,31;0,62;0,10;84,78;493,86;77,08;1,30;0,49;-0,81;-0,39;6,40;;-0,10;;7,50;1,20;15,74;0,16;0,84;0,02;9,71;5,50;;22,33;1,68;0,10;1.209.105.120,00
PSA;342,77;3,50;31,90;6,18;3,03;73,99;51,10;40,58;25,33;29,07;3,74;0,91;12,95;;-3,03;;19,37;9,50;12,35;0,49;0,51;0,23;10,40;7,61;;55,46;10,74;-0,62;59.991.056.968,00
PSB;187,44;;11,84;2,91;2,39;70,28;137,87;98,58;8,47;8,33;-0,14;-0,05;11,68;;-2,39;;24,56;20,18;33,97;0,82;0,18;0,20;2,55;48,15;;64,43;15,82;0,05;5.178.479.856,00
PSTL;14,10;6,79;96,43;1,32;0,53;74,46;21,58;4,93;22,01;40,36;18,35;1,10;4,75;;-0,53;;1,37;0,55;2,83;0,40;0,60;0,11;52,66;26,70;;10,65;0,15;-12,02;325.153.050,00
PW;1,36;;-0,14;0,46;0,09;21,87;-1.341,78;-1.509,45;-0,16;-1,31;-1,16;3,41;2,11;;-0,09;;-332,06;-66,39;-62,68;0,20;0,80;0,04;3,61;;;2,94;-9,75;0,00;4.610.400,00
QTS;77,95;;1.850,29;2,85;1,39;66,15;7,08;0,55;144,95;183,57;38,62;0,76;10,27;;-1,39;;0,15;0,07;1,09;0,49;0,51;0,14;11,64;-4,79;;27,33;0,04;-90,92;6.009.726.740,00
RC;7,12;16,15;-21,03;0,52;0,10;;;;1,87;8,24;6,37;1,78;;;-0,10;;-2,48;-0,48;8,50;0,19;0,80;0,00;;42,52;;13,63;-0,34;0,18;1.197.689.376,00
RCA;24,96;;-73,74;1,83;0,36;;;;6,55;8,24;6,37;1,78;;;-0,36;;-2,48;-0,48;8,50;0,19;0,80;0,00;;42,52;;13,63;-0,34;0,65;1.197.689.376,00
RCB;24,56;;-72,56;1,80;0,35;;;;6,45;8,24;6,37;1,78;;;-0,35;;-2,48;-0,48;8,50;0,19;0,80;0,00;;42,52;;13,63;-0,34;0,64;1.197.689.376,00
RCP;25,23;;-74,53;1,85;0,36;;;;6,62;8,24;6,37;1,78;;;-0,36;;-2,48;-0,48;8,50;0,19;0,80;0,00;;42,52;;13,63;-0,34;0,65;1.197.689.376,00
REG;70,30;3,81;33,48;1,88;1,03;69,89;36,68;27,00;24,65;33,07;8,42;0,64;9,04;;-1,03;;5,61;3,08;4,61;0,55;0,45;0,11;3,36;7,91;;37,44;2,10;-0,52;12.759.218.010,00
REXR;47,34;3,45;40,53;1,29;0,84;77,04;38,51;29,93;31,50;41,86;10,35;0,43;12,13;;-0,84;;3,19;2,07;2,85;0,65;0,35;0,07;30,27;38,80;;36,56;1,17;1,14;10.392.147.810,00
RHP;111,35;3,95;20,38;11,86;1,30;46,46;22,09;14,21;13,11;18,66;5,55;5,02;2,90;-2,20;-1,60;0,24;58,16;6,37;10,74;0,11;0,82;0,45;11,10;2,12;;9,39;5,46;0,48;6.669.865.000,00
RITM;10,64;9,40;8,63;0,71;0,12;100,00;130,04;30,71;2,04;9,72;7,68;2,68;2,65;;-0,12;;8,24;1,44;5,95;0,17;0,83;0,05;24,99;-8,59;;14,96;1,23;-1,22;5.210.752.736,00
RLJ;9,15;4,92;29,82;0,61;0,29;62,47;12,79;3,53;8,23;18,77;10,54;0,78;1,05;;-0,29;;2,04;0,97;3,75;0,47;0,53;0,27;-5,52;-16,54;;15,06;0,31;-2,31;1.418.471.430,00
ROIC;15,64;3,84;57,20;1,57;0,66;100,00;34,16;10,40;17,42;29,99;12,58;1,13;5,95;-1,29;-0,69;0,08;2,75;1,16;4,22;0,42;0,58;0,11;2,07;-4,17;;9,96;0,27;-2,24;1.993.386.816,00
RPAI;13,15;;143,60;1,79;0,78;83,92;21,52;4,32;28,84;45,98;17,14;1,06;6,21;;-0,78;;1,25;0,54;2,95;0,44;0,56;0,13;-6,57;-33,92;;7,35;0,09;0,26;2.824.592.385,00
RPT;12,97;1,08;21,65;1,22;0,59;73,70;42,98;24,77;12,48;17,24;4,76;0,47;5,36;;-0,59;;5,63;2,72;5,08;0,48;0,52;0,11;-3,87;4,01;;10,64;0,60;0,09;1.124.554.771,00
RWT;7,45;8,72;32,02;0,81;0,06;;;;1,31;4,65;3,34;2,05;;;-0,06;;2,52;0,19;16,01;0,07;0,93;0,00;;;;9,23;0,23;-0,23;985.007.710,00
RYN;31,63;4,24;31,54;2,61;1,33;29,07;20,24;14,78;23,03;29,00;5,97;0,68;4,66;41,38;-1,42;1,98;8,27;4,22;6,34;0,51;0,49;0,29;5,31;11,16;;12,13;1,00;0,37;4.712.291.171,00
SAFE;24,54;2,89;-125,75;0,76;0,26;100,00;152,96;-12,28;10,10;32,71;22,61;1,70;15,45;;-0,26;;-0,60;-0,21;2,63;0,34;0,66;0,02;17,20;;;32,38;-0,20;1,28;1.753.039.440,00
SBAC;233,51;1,62;48,79;-4,72;2,56;78,57;36,31;19,22;25,83;38,18;12,35;;9,38;-12,55;-2,69;0,19;-9,67;5,26;13,36;-0,54;1,54;0,27;7,76;60,27;;-49,47;4,79;40,22;25.095.903.475,00
SBRA;18,02;6,66;80,74;1,53;0,79;100,00;26,88;8,27;24,85;39,01;14,15;0,87;6,68;;-0,79;;1,89;0,98;3,23;0,52;0,48;0,12;0,19;-45,23;;11,79;0,22;-0,57;4.221.433.676,00
SELF;4,96;5,85;25,10;1,17;0,85;61,18;25,24;18,23;18,14;21,23;3,09;0,20;4,58;;-0,85;;4,67;3,37;4,80;0,72;0,28;0,18;8,49;36,55;;4,23;0,20;-1,03;55.883.328,00
SITC;17,32;284,35;2,01;0,39;0,22;69,95;106,52;89,00;1,68;2,29;0,61;0,14;1,79;;-0,22;;19,34;11,16;13,99;0,58;0,42;0,13;-5,03;18,35;;44,55;8,62;0,01;907.403.460,00
SKT;33,63;3,18;37,27;6,64;1,60;69,49;29,47;19,85;25,10;34,99;9,89;2,62;7,40;;-1,60;;17,82;4,30;7,28;0,24;0,76;0,22;-1,26;17,83;;5,06;0,90;3,59;3.677.558.205,00
SLG;67,89;4,48;-27,96;1,19;0,46;49,98;-30,26;-18,90;-17,46;-30,10;-12,63;0,86;5,28;;-0,46;;-4,26;-1,65;-3,37;0,39;0,57;0,09;-5,73;;;56,95;-2,43;0,43;4.400.222.460,00
SNR;8,82;;-27,24;4,07;0,43;39,07;9,48;-8,40;24,14;71,62;47,47;7,99;2,29;;-0,43;;-14,93;-1,56;1,84;0,10;0,88;0,19;-2,84;;;2,17;-0,32;0,13;741.437.424,00
SOHO;1,21;41,32;12,34;0,49;0,06;25,76;12,13;1,12;1,14;14,95;13,81;5,92;0,14;;-0,06;;3,95;0,49;5,67;0,13;0,87;0,44;-0,49;104,57;;2,48;0,10;-0,14;24.017.532,00
SOHOB;18,33;2,73;186,87;7,39;0,92;25,76;12,13;1,12;17,25;14,95;13,81;5,92;2,09;;-0,92;;3,95;0,49;5,67;0,13;0,87;0,44;-0,49;104,57;;2,48;0,10;-2,13;24.017.532,00
SOHON;18,31;2,82;186,67;7,38;0,92;25,76;12,13;1,12;17,23;14,95;13,81;5,92;2,09;;-0,92;;3,95;0,49;5,67;0,13;0,87;0,44;-0,49;104,57;;2,48;0,10;-2,12;24.017.532,00
SOHOO;18,36;2,68;187,18;7,40;0,93;25,76;12,13;1,12;17,28;14,95;13,81;5,92;2,10;;-0,93;;3,95;0,49;5,67;0,13;0,87;0,44;-0,49;104,57;;2,48;0,10;-2,13;24.017.532,00
SPG;170,79;4,63;21,69;18,91;1,67;82,13;48,77;43,96;19,56;27,55;7,99;7,73;9,54;;-1,67;;87,17;7,69;10,09;0,09;0,91;0,17;0,05;-1,32;;9,03;7,87;1,12;55.684.952.286,00
SQFT;0,70;3,29;-1,97;0,29;0,07;67,05;22,04;-28,21;2,52;25,42;22,90;2,66;0,55;;-0,07;;-14,84;-3,44;2,48;0,23;0,77;0,12;-11,42;24,56;;2,40;-0,36;-0,05;10.172.120,00
SRC;42,49;1,58;24,16;1,34;0,69;100,00;53,07;33,14;15,09;24,35;9,26;0,82;8,01;;-0,69;;5,53;2,87;4,77;0,52;0,48;0,09;10,59;29,92;;31,79;1,76;-69,51;6.005.162.688,00
STAG;37,22;3,97;36,06;2,03;1,05;80,05;39,76;25,41;23,04;32,58;9,54;0,84;9,16;;-1,05;;5,62;2,92;4,76;0,52;0,48;0,11;15,06;15,72;;18,36;1,03;-11,64;6.778.149.088,00
STAR;7,63;;1,62;0,47;0,20;56,18;-68,15;282,90;-6,72;-9,15;-2,44;0,17;4,58;;-0,20;;29,08;12,59;-3,21;0,43;0,57;0,04;-24,05;19,12;;16,22;4,72;0,01;662.558.680,00
STOR;32,22;;28,36;1,70;0,87;100,00;61,20;38,95;18,05;27,57;9,52;0,90;11,05;;-0,87;;6,01;3,06;4,94;0,51;0,49;0,08;15,41;16,82;;18,91;1,14;0,96;9.108.136.476,00
STWD;19,73;9,73;18,96;1,07;0,10;-9,97;1.053,06;201,16;3,62;4,94;1,32;0,39;38,14;;-0,10;;5,64;0,55;19,96;0,10;0,90;0,00;-17,08;-2,54;;18,46;1,04;-0,51;6.647.334.923,00
SUI;129,77;2,89;253,18;2,35;0,95;47,15;12,49;1,99;40,29;60,65;20,35;1,19;5,03;;-0,95;;0,93;0,38;2,60;0,40;0,58;0,19;23,05;;;55,22;0,51;-3,44;16.178.412.923,00
SVC;4,75;16,84;-3,95;0,78;0,11;33,94;9,65;-10,56;4,32;33,98;29,66;5,36;0,42;;-0,11;;-19,79;-2,80;2,76;0,14;0,86;0,27;-3,97;;;6,08;-1,20;0,00;787.974.650,00
TCI;27,89;;40,58;0,29;0,23;43,57;31,47;11,96;15,42;16,64;1,21;0,02;4,85;;-0,23;;0,71;0,57;1,36;0,79;0,21;0,05;-16,23;-49,54;;96,11;0,69;-0,41;240.950.077,00
TRMT;5,22;;6,68;0,48;0,18;;;;3,88;3,13;-0,75;-0,09;;;-0,18;;7,23;2,63;12,33;0,36;0,64;0,00;;;;10,81;0,78;-0,55;43.390.206,00
TRNO;63,29;2,91;38,60;1,78;1,37;75,11;52,17;45,57;33,71;37,16;3,44;0,18;17,59;;-1,37;;4,62;3,56;4,28;0,77;0,23;0,08;16,37;19,07;;35,51;1,64;3,80;6.132.788.342,00
TRTX;8,28;16,31;-27,35;0,60;0,18;100,00;544,42;-58,90;2,96;1,95;-1,01;-0,20;16,11;;-0,18;;-2,18;-0,66;19,56;0,30;0,70;0,01;84,18;;;13,89;-0,30;0,30;670.087.980,00
TWO;12,72;14,15;13,47;0,60;0,10;;;;1,60;2,54;0,93;0,35;;;-0,10;;4,46;0,76;21,03;0,17;0,83;0,00;;;;21,19;0,94;0,04;1.318.082.016,00
UBA;21,16;;32,58;1,48;0,84;66,54;37,89;17,63;15,16;21,06;5,90;0,58;5,74;;-0,84;;4,55;2,59;6,11;0,57;0,37;0,15;2,98;-5,59;;14,27;0,65;-1,44;832.235.496,00
UBP;21,22;;32,67;1,49;0,85;66,54;37,89;17,63;15,20;21,06;5,90;0,58;5,76;;-0,85;;4,55;2,59;6,11;0,57;0,37;0,15;2,98;-5,59;;14,27;0,65;-1,44;832.235.496,00
UDR;43,72;3,88;108,43;3,87;1,30;65,40;20,45;8,05;42,68;59,83;17,14;1,56;8,73;;-1,30;;3,57;1,20;3,53;0,33;0,57;0,15;9,23;16,95;;11,29;0,40;-1,57;14.419.887.792,00
UHT;41,65;6,99;31,97;3,02;0,98;94,51;35,56;18,33;16,48;26,69;10,21;1,87;5,86;;-0,98;;9,46;3,08;6,32;0,33;0,67;0,17;4,63;-8,64;;13,77;1,30;-15,78;576.810.850,00
UMH;18,78;4,47;326,16;1,86;0,96;54,43;18,90;1,83;31,64;46,28;14,64;0,86;5,98;;-0,96;;0,57;0,29;3,07;0,51;0,49;0,16;11,26;;;10,09;0,06;-0,67;1.381.306.560,00
UNIT;5,38;8,36;-44,23;-0,53;0,26;100,00;34,12;-2,57;3,33;17,65;14,33;;1,13;;-0,26;;-1,19;-0,58;9,87;-0,49;1,49;0,23;2,47;;;-10,21;-0,12;0,60;1.313.531.842,00
VER;50,30;;51,85;1,83;0,92;89,60;40,92;19,16;24,28;26,51;2,23;0,17;9,93;;-0,92;;3,53;1,77;6,38;0,50;0,50;0,09;-4,22;;;27,47;0,97;-1,83;11.526.224.880,00
VICI;32,55;5,15;12,93;1,33;0,77;100,00;93,31;70,38;9,76;14,44;4,69;0,64;9,10;;-0,77;;10,25;5,92;8,22;0,58;0,42;0,08;32,10;36,85;;24,56;2,52;0,56;34.085.471.385,00
VNO;39,65;0,76;153,79;1,34;0,47;48,90;21,89;2,76;19,39;37,67;18,28;1,27;4,24;;-0,47;;0,87;0,30;2,58;0,35;0,62;0,11;-3,49;-22,80;;29,53;0,26;-1,27;7.553.539.110,00
VTR;62,94;2,86;-176,38;2,70;1,06;42,66;10,38;-3,14;53,34;79,10;25,76;1,31;5,54;;-1,06;;-1,53;-0,60;2,10;0,39;0,60;0,19;3,67;;;23,28;-0,36;0,64;26.003.900.172,00
WELL;125,16;2,00;128,52;2,63;1,67;38,44;14,27;8,61;77,57;88,83;11,27;0,38;11,07;;-1,67;;2,05;1,30;2,27;0,64;0,36;0,15;6,85;-15,49;;47,57;0,97;0,32;76.240.901.100,00
WHLR;11,54;;-0,47;-0,20;0,01;65,94;30,18;-14,91;0,23;14,74;14,51;;0,07;;-0,01;;-42,45;-2,30;6,81;-0,05;0,90;0,15;9,41;;;-58,25;-24,73;0,02;7.209.038,00
WHLRD;24,40;;-0,99;-0,42;0,02;65,94;30,18;-14,91;0,49;14,74;14,51;;0,15;;-0,02;;-42,45;-2,30;6,81;-0,05;0,90;0,15;9,41;;;-58,25;-24,73;0,04;7.209.038,00
WHLRP;2,93;;-0,12;-0,05;0,00;65,94;30,18;-14,91;0,06;14,74;14,51;;0,02;;0,00;;-42,45;-2,30;6,81;-0,05;0,90;0,15;9,41;;;-58,25;-24,73;0,01;7.209.038,00
WMC;9,15;2,62;-1,29;0,62;0,02;;;;0,54;19,10;18,56;21,55;;;-0,02;;-48,36;-1,88;4,86;0,04;0,96;0,00;;;;14,66;-7,09;0,04;55.353.840,00
WPC;59,80;7,71;22,90;1,52;0,74;87,64;54,13;34,83;14,74;22,24;7,50;0,77;7,98;;-0,74;;6,62;3,22;5,10;0,49;0,51;0,09;14,48;11,47;;39,45;2,61;-0,95;13.087.050.600,00
WPG;0,83;;-0,07;0,05;0,01;58,45;-26,37;-55,13;-0,14;-7,32;-7,18;2,30;0,04;;-0,01;;-66,82;-7,43;-9,19;0,11;0,89;0,13;-10,66;;;18,33;-12,25;0,00;20.301.468,00
WRI;31,44;;45,88;2,49;1,03;64,97;32,00;19,72;28,28;40,47;12,20;1,07;9,05;;-1,03;;5,42;2,25;4,15;0,41;0,59;0,11;-3,29;3,64;;12,64;0,69;-0,76;4.017.554.112,00
WSR;14,16;3,45;44,42;1,69;0,62;69,88;35,14;10,68;13,50;25,96;12,46;1,57;4,74;;-0,62;;3,82;1,40;4,76;0,37;0,63;0,13;4,16;-2,19;;8,35;0,32;-0,75;708.918.984,00
WY;33,03;2,39;32,25;2,39;1,43;21,29;14,96;9,89;21,32;24,93;3,62;0,41;3,19;20,22;-1,64;2,19;7,42;4,43;6,77;0,60;0,40;0,45;0,52;2,32;;13,81;1,02;5,26;24.023.214.450,00
XAN;4,34;;-0,17;0,12;0,02;94,60;13,85;-353,64;4,30;153,69;149,39;4,16;0,60;;-0,02;;-71,03;-12,47;0,49;0,18;0,82;0,04;-6,24;-3,96;;36,28;-25,77;0,00;38.012.324,00
XHR;14,91;3,09;66,27;1,18;0,52;60,02;9,44;2,24;15,70;28,13;12,42;0,94;1,48;-1,21;-0,59;0,21;1,78;0,79;3,26;0,44;0,56;0,35;-0,63;-37,05;;12,61;0,23;-1,16;1.520.278.767,00
